id,symbol,timestamp,open,high,low,close,volume,source,created_at
2528,GBPUSD,2025-06-27 00:00:00,1.37359,1.37533,1.37287,1.37334,0,twelvedata,2025-08-26 19:27:03
2529,GBPUSD,2025-06-27 01:00:00,1.37331,1.37525,1.37265,1.37525,0,twelvedata,2025-08-26 19:27:03
2530,GBPUSD,2025-06-27 02:00:00,1.37521,1.37703,1.37423,1.37557,0,twelvedata,2025-08-26 19:27:03
2531,GBPUSD,2025-06-27 03:00:00,1.37555,1.37627,1.37555,1.37576,0,twelvedata,2025-08-26 19:27:03
2532,GBPUSD,2025-06-27 04:00:00,1.37571,1.37601,1.37484,1.37493,0,twelvedata,2025-08-26 19:27:03
2533,GBPUSD,2025-06-27 05:00:00,1.37484,1.37484,1.37304,1.37336,0,twelvedata,2025-08-26 19:27:03
2534,GBPUSD,2025-06-27 06:00:00,1.37355,1.37357,1.37236,1.37278,0,twelvedata,2025-08-26 19:27:03
2535,GBPUSD,2025-06-27 07:00:00,1.37287,1.37415,1.37257,1.37291,0,twelvedata,2025-08-26 19:27:03
2536,GBPUSD,2025-06-27 08:00:00,1.37291,1.37291,1.37178,1.37204,0,twelvedata,2025-08-26 19:27:03
2537,GBPUSD,2025-06-27 09:00:00,1.37223,1.37302,1.37223,1.37255,0,twelvedata,2025-08-26 19:27:03
2538,GBPUSD,2025-06-27 10:00:00,1.37274,1.37353,1.37274,1.37312,0,twelvedata,2025-08-26 19:27:03
2539,GBPUSD,2025-06-27 11:00:00,1.37297,1.3741,1.37244,1.37374,0,twelvedata,2025-08-26 19:27:03
2540,GBPUSD,2025-06-27 12:00:00,1.37382,1.37451,1.37357,1.3744,0,twelvedata,2025-08-26 19:27:03
2541,GBPUSD,2025-06-27 13:00:00,1.37429,1.37497,1.37365,1.37366,0,twelvedata,2025-08-26 19:27:03
2542,GBPUSD,2025-06-27 14:00:00,1.37365,1.37378,1.3724,1.3724,0,twelvedata,2025-08-26 19:27:03
2543,GBPUSD,2025-06-27 15:00:00,1.37276,1.37306,1.37216,1.37266,0,twelvedata,2025-08-26 19:27:03
2544,GBPUSD,2025-06-27 16:00:00,1.37238,1.37474,1.37238,1.37474,0,twelvedata,2025-08-26 19:27:03
2545,GBPUSD,2025-06-27 17:00:00,1.37484,1.37501,1.37363,1.374,0,twelvedata,2025-08-26 19:27:03
2546,GBPUSD,2025-06-27 18:00:00,1.37434,1.37504,1.3734,1.37436,0,twelvedata,2025-08-26 19:27:03
2547,GBPUSD,2025-06-27 19:00:00,1.37451,1.37455,1.37349,1.37402,0,twelvedata,2025-08-26 19:27:03
2548,GBPUSD,2025-06-27 20:00:00,1.37429,1.37472,1.37223,1.37248,0,twelvedata,2025-08-26 19:27:03
2549,GBPUSD,2025-06-27 21:00:00,1.37265,1.37387,1.37263,1.37376,0,twelvedata,2025-08-26 19:27:03
2550,GBPUSD,2025-06-27 22:00:00,1.37351,1.3751,1.37227,1.37419,0,twelvedata,2025-08-26 19:27:03
2551,GBPUSD,2025-06-27 23:00:00,1.37429,1.37432,1.37161,1.37231,0,twelvedata,2025-08-26 19:27:03
2552,GBPUSD,2025-06-28 00:00:00,1.37195,1.37276,1.37045,1.37161,0,twelvedata,2025-08-26 19:27:03
2553,GBPUSD,2025-06-28 01:00:00,1.37163,1.37272,1.37088,1.37186,0,twelvedata,2025-08-26 19:27:03
2554,GBPUSD,2025-06-28 02:00:00,1.37178,1.37244,1.37048,1.3708,0,twelvedata,2025-08-26 19:27:03
2555,GBPUSD,2025-06-28 03:00:00,1.37067,1.37118,1.36879,1.36924,0,twelvedata,2025-08-26 19:27:03
2556,GBPUSD,2025-06-28 04:00:00,1.36964,1.36994,1.36851,1.36973,0,twelvedata,2025-08-26 19:27:03
2557,GBPUSD,2025-06-28 05:00:00,1.36966,1.37105,1.36966,1.37069,0,twelvedata,2025-08-26 19:27:03
2558,GBPUSD,2025-06-28 06:00:00,1.37084,1.37236,1.37082,1.37236,0,twelvedata,2025-08-26 19:27:03
2559,GBPUSD,2025-06-28 07:00:00,1.37229,1.37229,1.37229,1.37229,0,twelvedata,2025-08-26 19:27:03
2560,GBPUSD,2025-06-28 08:00:00,1.37115,1.37115,1.37115,1.37115,0,twelvedata,2025-08-26 19:27:03
2561,GBPUSD,2025-06-30 09:00:00,1.3724,1.37287,1.37186,1.37186,0,twelvedata,2025-08-26 19:27:03
2562,GBPUSD,2025-06-30 10:00:00,1.37204,1.37219,1.37088,1.37131,0,twelvedata,2025-08-26 19:27:03
2563,GBPUSD,2025-06-30 11:00:00,1.37131,1.37297,1.37122,1.37206,0,twelvedata,2025-08-26 19:27:03
2564,GBPUSD,2025-06-30 12:00:00,1.37223,1.37266,1.3717,1.37182,0,twelvedata,2025-08-26 19:27:03
2565,GBPUSD,2025-06-30 13:00:00,1.37172,1.37216,1.37122,1.37137,0,twelvedata,2025-08-26 19:27:03
2566,GBPUSD,2025-06-30 14:00:00,1.37127,1.37304,1.37127,1.37304,0,twelvedata,2025-08-26 19:27:03
2567,GBPUSD,2025-06-30 15:00:00,1.37304,1.37406,1.37278,1.37289,0,twelvedata,2025-08-26 19:27:03
2568,GBPUSD,2025-06-30 16:00:00,1.37291,1.37374,1.37236,1.37372,0,twelvedata,2025-08-26 19:27:03
2569,GBPUSD,2025-06-30 17:00:00,1.37332,1.37332,1.37045,1.37045,0,twelvedata,2025-08-26 19:27:03
2570,GBPUSD,2025-06-30 18:00:00,1.37045,1.37054,1.36945,1.37007,0,twelvedata,2025-08-26 19:27:03
2571,GBPUSD,2025-06-30 19:00:00,1.36996,1.37037,1.36928,1.36951,0,twelvedata,2025-08-26 19:27:03
2572,GBPUSD,2025-06-30 20:00:00,1.36919,1.37022,1.36913,1.37022,0,twelvedata,2025-08-26 19:27:03
2573,GBPUSD,2025-06-30 21:00:00,1.37028,1.37118,1.36984,1.37063,0,twelvedata,2025-08-26 19:27:03
2574,GBPUSD,2025-06-30 22:00:00,1.37063,1.37063,1.36855,1.36938,0,twelvedata,2025-08-26 19:27:03
2575,GBPUSD,2025-06-30 23:00:00,1.36951,1.36951,1.36778,1.36825,0,twelvedata,2025-08-26 19:27:03
2576,GBPUSD,2025-07-01 00:00:00,1.36849,1.37112,1.3676,1.37039,0,twelvedata,2025-08-26 19:27:03
2577,GBPUSD,2025-07-01 01:00:00,1.36999,1.37231,1.36971,1.37204,0,twelvedata,2025-08-26 19:27:03
2578,GBPUSD,2025-07-01 02:00:00,1.37206,1.37234,1.36999,1.37142,0,twelvedata,2025-08-26 19:27:03
2579,GBPUSD,2025-07-01 03:00:00,1.37152,1.37178,1.37069,1.37101,0,twelvedata,2025-08-26 19:27:03
2580,GBPUSD,2025-07-01 04:00:00,1.37103,1.37212,1.37093,1.37191,0,twelvedata,2025-08-26 19:27:03
2581,GBPUSD,2025-07-01 05:00:00,1.3717,1.37278,1.37165,1.37278,0,twelvedata,2025-08-26 19:27:03
2582,GBPUSD,2025-07-01 06:00:00,1.37261,1.37366,1.37257,1.37344,0,twelvedata,2025-08-26 19:27:03
2583,GBPUSD,2025-07-01 07:00:00,1.37306,1.37357,1.37217,1.37295,0,twelvedata,2025-08-26 19:27:03
2584,GBPUSD,2025-07-01 08:00:00,1.37314,1.37368,1.37276,1.37319,0,twelvedata,2025-08-26 19:27:03
2585,GBPUSD,2025-07-01 09:00:00,1.37325,1.37342,1.37302,1.37327,0,twelvedata,2025-08-26 19:27:03
2586,GBPUSD,2025-07-01 10:00:00,1.37365,1.37421,1.37327,1.37421,0,twelvedata,2025-08-26 19:27:03
2587,GBPUSD,2025-07-01 11:00:00,1.37415,1.37499,1.3727,1.3727,0,twelvedata,2025-08-26 19:27:03
2588,GBPUSD,2025-07-01 12:00:00,1.37266,1.3738,1.37259,1.37374,0,twelvedata,2025-08-26 19:27:03
2589,GBPUSD,2025-07-01 13:00:00,1.37374,1.37466,1.37374,1.3738,0,twelvedata,2025-08-26 19:27:03
2590,GBPUSD,2025-07-01 14:00:00,1.37391,1.37482,1.3737,1.37402,0,twelvedata,2025-08-26 19:27:03
2591,GBPUSD,2025-07-01 15:00:00,1.3741,1.37489,1.37393,1.37466,0,twelvedata,2025-08-26 19:27:03
2592,GBPUSD,2025-07-01 16:00:00,1.37461,1.37504,1.37391,1.3741,0,twelvedata,2025-08-26 19:27:03
2593,GBPUSD,2025-07-01 17:00:00,1.37385,1.37678,1.37355,1.37678,0,twelvedata,2025-08-26 19:27:03
2594,GBPUSD,2025-07-01 18:00:00,1.37671,1.3783,1.37595,1.37764,0,twelvedata,2025-08-26 19:27:03
2595,GBPUSD,2025-07-01 19:00:00,1.37724,1.37813,1.37599,1.37764,0,twelvedata,2025-08-26 19:27:03
2596,GBPUSD,2025-07-01 20:00:00,1.37781,1.37887,1.37758,1.3777,0,twelvedata,2025-08-26 19:27:03
2597,GBPUSD,2025-07-01 21:00:00,1.37749,1.37783,1.37561,1.37561,0,twelvedata,2025-08-26 19:27:03
2598,GBPUSD,2025-07-01 22:00:00,1.37553,1.37597,1.37415,1.37419,0,twelvedata,2025-08-26 19:27:03
2599,GBPUSD,2025-07-01 23:00:00,1.374,1.37417,1.37302,1.3734,0,twelvedata,2025-08-26 19:27:03
2600,GBPUSD,2025-07-02 00:00:00,1.37201,1.37295,1.3709,1.37189,0,twelvedata,2025-08-26 19:27:03
2601,GBPUSD,2025-07-02 01:00:00,1.37152,1.37238,1.3705,1.37238,0,twelvedata,2025-08-26 19:27:03
2602,GBPUSD,2025-07-02 02:00:00,1.37242,1.37253,1.37138,1.37238,0,twelvedata,2025-08-26 19:27:03
2603,GBPUSD,2025-07-02 03:00:00,1.37266,1.37382,1.37225,1.37374,0,twelvedata,2025-08-26 19:27:03
2604,GBPUSD,2025-07-02 04:00:00,1.37376,1.37376,1.37323,1.37372,0,twelvedata,2025-08-26 19:27:03
2605,GBPUSD,2025-07-02 05:00:00,1.37383,1.37425,1.37359,1.374,0,twelvedata,2025-08-26 19:27:03
2606,GBPUSD,2025-07-02 06:00:00,1.37414,1.37512,1.37398,1.37476,0,twelvedata,2025-08-26 19:27:03
2607,GBPUSD,2025-07-02 07:00:00,1.37459,1.37521,1.37432,1.37478,0,twelvedata,2025-08-26 19:27:03
2608,GBPUSD,2025-07-02 08:00:00,1.3748,1.3748,1.37425,1.37436,0,twelvedata,2025-08-26 19:27:03
2609,GBPUSD,2025-07-02 09:00:00,1.37436,1.37474,1.37417,1.37472,0,twelvedata,2025-08-26 19:27:03
2610,GBPUSD,2025-07-02 10:00:00,1.37472,1.37495,1.37432,1.37489,0,twelvedata,2025-08-26 19:27:03
2611,GBPUSD,2025-07-02 11:00:00,1.37476,1.37529,1.37374,1.37385,0,twelvedata,2025-08-26 19:27:03
2612,GBPUSD,2025-07-02 12:00:00,1.37391,1.37493,1.37336,1.37465,0,twelvedata,2025-08-26 19:27:03
2613,GBPUSD,2025-07-02 13:00:00,1.37476,1.37518,1.37408,1.37461,0,twelvedata,2025-08-26 19:27:03
2614,GBPUSD,2025-07-02 14:00:00,1.37463,1.37466,1.37442,1.37448,0,twelvedata,2025-08-26 19:27:03
2615,GBPUSD,2025-07-02 15:00:00,1.37444,1.37457,1.37332,1.37361,0,twelvedata,2025-08-26 19:27:03
2616,GBPUSD,2025-07-02 16:00:00,1.37357,1.37408,1.3721,1.37302,0,twelvedata,2025-08-26 19:27:03
2617,GBPUSD,2025-07-02 17:00:00,1.37253,1.37257,1.37069,1.37069,0,twelvedata,2025-08-26 19:27:03
2618,GBPUSD,2025-07-02 18:00:00,1.37043,1.37114,1.36953,1.36984,0,twelvedata,2025-08-26 19:27:03
2619,GBPUSD,2025-07-02 19:00:00,1.37009,1.37009,1.36896,1.36906,0,twelvedata,2025-08-26 19:27:03
2620,GBPUSD,2025-07-02 20:00:00,1.36917,1.37073,1.36917,1.37035,0,twelvedata,2025-08-26 19:27:03
2621,GBPUSD,2025-07-02 21:00:00,1.36984,1.37137,1.36619,1.36619,0,twelvedata,2025-08-26 19:27:03
2622,GBPUSD,2025-07-02 22:00:00,1.3653,1.36676,1.35901,1.3608,0,twelvedata,2025-08-26 19:27:03
2623,GBPUSD,2025-07-02 23:00:00,1.36045,1.36227,1.35812,1.35862,0,twelvedata,2025-08-26 19:27:03
2624,GBPUSD,2025-07-03 00:00:00,1.35871,1.36019,1.35656,1.35931,0,twelvedata,2025-08-26 19:27:03
2625,GBPUSD,2025-07-03 01:00:00,1.35953,1.36218,1.35905,1.36212,0,twelvedata,2025-08-26 19:27:03
2626,GBPUSD,2025-07-03 02:00:00,1.36218,1.36325,1.36149,1.36305,0,twelvedata,2025-08-26 19:27:03
2627,GBPUSD,2025-07-03 03:00:00,1.36323,1.36435,1.36318,1.36342,0,twelvedata,2025-08-26 19:27:03
2628,GBPUSD,2025-07-03 04:00:00,1.3631,1.36411,1.3631,1.36362,0,twelvedata,2025-08-26 19:27:03
2629,GBPUSD,2025-07-03 05:00:00,1.36348,1.36385,1.36277,1.36359,0,twelvedata,2025-08-26 19:27:03
2630,GBPUSD,2025-07-03 06:00:00,1.36338,1.36353,1.36277,1.36351,0,twelvedata,2025-08-26 19:27:03
2631,GBPUSD,2025-07-03 07:00:00,1.3637,1.36677,1.36338,1.36554,0,twelvedata,2025-08-26 19:27:03
2632,GBPUSD,2025-07-03 08:00:00,1.36537,1.36565,1.36476,1.36552,0,twelvedata,2025-08-26 19:27:03
2633,GBPUSD,2025-07-03 09:00:00,1.36534,1.36534,1.36482,1.36498,0,twelvedata,2025-08-26 19:27:03
2634,GBPUSD,2025-07-03 10:00:00,1.36515,1.36541,1.36444,1.3647,0,twelvedata,2025-08-26 19:27:03
2635,GBPUSD,2025-07-03 11:00:00,1.36472,1.36536,1.36441,1.36498,0,twelvedata,2025-08-26 19:27:03
2636,GBPUSD,2025-07-03 12:00:00,1.36478,1.36478,1.36294,1.36357,0,twelvedata,2025-08-26 19:27:03
2637,GBPUSD,2025-07-03 13:00:00,1.36351,1.36385,1.3626,1.36286,0,twelvedata,2025-08-26 19:27:03
2638,GBPUSD,2025-07-03 14:00:00,1.36286,1.36301,1.36251,1.36288,0,twelvedata,2025-08-26 19:27:03
2639,GBPUSD,2025-07-03 15:00:00,1.36299,1.36418,1.36268,1.36396,0,twelvedata,2025-08-26 19:27:03
2640,GBPUSD,2025-07-03 16:00:00,1.36394,1.36511,1.36385,1.36502,0,twelvedata,2025-08-26 19:27:03
2641,GBPUSD,2025-07-03 17:00:00,1.36545,1.36745,1.36513,1.36562,0,twelvedata,2025-08-26 19:27:03
2642,GBPUSD,2025-07-03 18:00:00,1.36567,1.36754,1.36562,1.36668,0,twelvedata,2025-08-26 19:27:03
2643,GBPUSD,2025-07-03 19:00:00,1.36647,1.36655,1.36541,1.36558,0,twelvedata,2025-08-26 19:27:03
2644,GBPUSD,2025-07-03 20:00:00,1.3658,1.36683,1.3648,1.36627,0,twelvedata,2025-08-26 19:27:03
2645,GBPUSD,2025-07-03 21:00:00,1.36597,1.36629,1.36562,1.36577,0,twelvedata,2025-08-26 19:27:03
2646,GBPUSD,2025-07-03 22:00:00,1.36575,1.36593,1.35888,1.36167,0,twelvedata,2025-08-26 19:27:03
2647,GBPUSD,2025-07-03 23:00:00,1.36186,1.36625,1.3616,1.36577,0,twelvedata,2025-08-26 19:27:03
2648,GBPUSD,2025-07-04 00:00:00,1.36717,1.36717,1.3634,1.3647,0,twelvedata,2025-08-26 19:27:03
2649,GBPUSD,2025-07-04 01:00:00,1.36459,1.36603,1.3642,1.36521,0,twelvedata,2025-08-26 19:27:03
2650,GBPUSD,2025-07-04 02:00:00,1.36536,1.3655,1.36364,1.36521,0,twelvedata,2025-08-26 19:27:03
2651,GBPUSD,2025-07-04 03:00:00,1.36506,1.36522,1.36439,1.36474,0,twelvedata,2025-08-26 19:27:03
2652,GBPUSD,2025-07-04 04:00:00,1.36459,1.365,1.36409,1.36418,0,twelvedata,2025-08-26 19:27:03
2653,GBPUSD,2025-07-04 05:00:00,1.36411,1.3647,1.364,1.36467,0,twelvedata,2025-08-26 19:27:03
2654,GBPUSD,2025-07-04 06:00:00,1.36455,1.36552,1.36431,1.36552,0,twelvedata,2025-08-26 19:27:03
2655,GBPUSD,2025-07-04 07:00:00,1.36586,1.36586,1.36476,1.36521,0,twelvedata,2025-08-26 19:27:03
2656,GBPUSD,2025-07-04 08:00:00,1.36519,1.36543,1.36509,1.36537,0,twelvedata,2025-08-26 19:27:03
2657,GBPUSD,2025-07-04 09:00:00,1.36541,1.36681,1.36534,1.36681,0,twelvedata,2025-08-26 19:27:03
2658,GBPUSD,2025-07-04 10:00:00,1.36661,1.36668,1.36599,1.36631,0,twelvedata,2025-08-26 19:27:03
2659,GBPUSD,2025-07-04 11:00:00,1.36636,1.36653,1.36478,1.3648,0,twelvedata,2025-08-26 19:27:03
2660,GBPUSD,2025-07-04 12:00:00,1.36489,1.36562,1.36467,1.36537,0,twelvedata,2025-08-26 19:27:03
2661,GBPUSD,2025-07-04 13:00:00,1.36537,1.36621,1.36532,1.36586,0,twelvedata,2025-08-26 19:27:03
2662,GBPUSD,2025-07-04 14:00:00,1.36578,1.36748,1.36578,1.36732,0,twelvedata,2025-08-26 19:27:03
2663,GBPUSD,2025-07-04 15:00:00,1.36758,1.36818,1.36752,1.36765,0,twelvedata,2025-08-26 19:27:03
2664,GBPUSD,2025-07-04 16:00:00,1.36747,1.36814,1.36677,1.36775,0,twelvedata,2025-08-26 19:27:03
2665,GBPUSD,2025-07-04 17:00:00,1.36782,1.36782,1.36578,1.36595,0,twelvedata,2025-08-26 19:27:03
2666,GBPUSD,2025-07-04 18:00:00,1.36588,1.36672,1.36582,1.36642,0,twelvedata,2025-08-26 19:27:03
2667,GBPUSD,2025-07-04 19:00:00,1.36647,1.36647,1.36521,1.3658,0,twelvedata,2025-08-26 19:27:03
2668,GBPUSD,2025-07-04 20:00:00,1.36573,1.36608,1.36474,1.36489,0,twelvedata,2025-08-26 19:27:03
2669,GBPUSD,2025-07-04 21:00:00,1.36495,1.36562,1.36435,1.36483,0,twelvedata,2025-08-26 19:27:03
2670,GBPUSD,2025-07-04 22:00:00,1.36472,1.3648,1.3634,1.36359,0,twelvedata,2025-08-26 19:27:03
2671,GBPUSD,2025-07-04 23:00:00,1.36375,1.36517,1.36375,1.36495,0,twelvedata,2025-08-26 19:27:03
2672,GBPUSD,2025-07-05 00:00:00,1.36506,1.36539,1.36387,1.36435,0,twelvedata,2025-08-26 19:27:03
2673,GBPUSD,2025-07-05 01:00:00,1.36422,1.36489,1.36409,1.3645,0,twelvedata,2025-08-26 19:27:03
2674,GBPUSD,2025-07-05 02:00:00,1.36426,1.36519,1.36426,1.36465,0,twelvedata,2025-08-26 19:27:03
2675,GBPUSD,2025-07-05 03:00:00,1.36487,1.36522,1.36485,1.36491,0,twelvedata,2025-08-26 19:27:03
2676,GBPUSD,2025-07-05 04:00:00,1.36495,1.36541,1.36483,1.36541,0,twelvedata,2025-08-26 19:27:03
2677,GBPUSD,2025-07-05 05:00:00,1.36541,1.36547,1.36502,1.36515,0,twelvedata,2025-08-26 19:27:03
2678,GBPUSD,2025-07-05 06:00:00,1.36511,1.36586,1.36442,1.36442,0,twelvedata,2025-08-26 19:27:03
2679,GBPUSD,2025-07-05 07:00:00,1.36478,1.36485,1.36478,1.36485,0,twelvedata,2025-08-26 19:27:03
2680,GBPUSD,2025-07-05 08:00:00,1.36485,1.36485,1.36485,1.36485,0,twelvedata,2025-08-26 19:27:03
2681,GBPUSD,2025-07-07 09:00:00,1.36537,1.36549,1.36466,1.36524,0,twelvedata,2025-08-26 19:27:03
2682,GBPUSD,2025-07-07 10:00:00,1.36511,1.36582,1.36463,1.36485,0,twelvedata,2025-08-26 19:27:03
2683,GBPUSD,2025-07-07 11:00:00,1.36463,1.36472,1.36327,1.36333,0,twelvedata,2025-08-26 19:27:03
2684,GBPUSD,2025-07-07 12:00:00,1.36348,1.36381,1.36268,1.36294,0,twelvedata,2025-08-26 19:27:03
2685,GBPUSD,2025-07-07 13:00:00,1.3629,1.36336,1.36266,1.36288,0,twelvedata,2025-08-26 19:27:03
2686,GBPUSD,2025-07-07 14:00:00,1.36282,1.36303,1.36167,1.36179,0,twelvedata,2025-08-26 19:27:03
2687,GBPUSD,2025-07-07 15:00:00,1.36179,1.36249,1.36125,1.3624,0,twelvedata,2025-08-26 19:27:03
2688,GBPUSD,2025-07-07 16:00:00,1.36214,1.36268,1.36041,1.36116,0,twelvedata,2025-08-26 19:27:03
2689,GBPUSD,2025-07-07 17:00:00,1.36169,1.36232,1.36032,1.36091,0,twelvedata,2025-08-26 19:27:03
2690,GBPUSD,2025-07-07 18:00:00,1.36056,1.36058,1.35798,1.35798,0,twelvedata,2025-08-26 19:27:03
2691,GBPUSD,2025-07-07 19:00:00,1.35809,1.36104,1.35761,1.36104,0,twelvedata,2025-08-26 19:27:03
2692,GBPUSD,2025-07-07 20:00:00,1.36073,1.36073,1.35958,1.36045,0,twelvedata,2025-08-26 19:27:03
2693,GBPUSD,2025-07-07 21:00:00,1.36019,1.36218,1.36006,1.36166,0,twelvedata,2025-08-26 19:27:03
2694,GBPUSD,2025-07-07 22:00:00,1.36171,1.36212,1.36127,1.36175,0,twelvedata,2025-08-26 19:27:03
2695,GBPUSD,2025-07-07 23:00:00,1.36179,1.36335,1.36145,1.36292,0,twelvedata,2025-08-26 19:27:03
2696,GBPUSD,2025-07-08 00:00:00,1.36303,1.36476,1.36303,1.36366,0,twelvedata,2025-08-26 19:27:03
2697,GBPUSD,2025-07-08 01:00:00,1.36372,1.36441,1.36299,1.36362,0,twelvedata,2025-08-26 19:27:03
2698,GBPUSD,2025-07-08 02:00:00,1.3637,1.364,1.35953,1.35964,0,twelvedata,2025-08-26 19:27:03
2699,GBPUSD,2025-07-08 03:00:00,1.35964,1.36095,1.35908,1.36029,0,twelvedata,2025-08-26 19:27:03
2700,GBPUSD,2025-07-08 04:00:00,1.36054,1.36153,1.35938,1.36123,0,twelvedata,2025-08-26 19:27:03
2701,GBPUSD,2025-07-08 05:00:00,1.36114,1.36166,1.3608,1.36106,0,twelvedata,2025-08-26 19:27:03
2702,GBPUSD,2025-07-08 06:00:00,1.36095,1.36103,1.3599,1.36019,0,twelvedata,2025-08-26 19:27:03
2703,GBPUSD,2025-07-08 07:00:00,1.36049,1.36117,1.36001,1.36056,0,twelvedata,2025-08-26 19:27:03
2704,GBPUSD,2025-07-08 08:00:00,1.36054,1.36197,1.36054,1.36197,0,twelvedata,2025-08-26 19:27:03
2705,GBPUSD,2025-07-08 09:00:00,1.36184,1.36243,1.3616,1.36243,0,twelvedata,2025-08-26 19:27:03
2706,GBPUSD,2025-07-08 10:00:00,1.36249,1.36374,1.36249,1.3629,0,twelvedata,2025-08-26 19:27:03
2707,GBPUSD,2025-07-08 11:00:00,1.36305,1.36331,1.36197,1.36256,0,twelvedata,2025-08-26 19:27:03
2708,GBPUSD,2025-07-08 12:00:00,1.36251,1.36381,1.36247,1.36307,0,twelvedata,2025-08-26 19:27:03
2709,GBPUSD,2025-07-08 13:00:00,1.36316,1.36385,1.36295,1.36335,0,twelvedata,2025-08-26 19:27:03
2710,GBPUSD,2025-07-08 14:00:00,1.36323,1.36413,1.36308,1.36323,0,twelvedata,2025-08-26 19:27:03
2711,GBPUSD,2025-07-08 15:00:00,1.36314,1.36349,1.36255,1.36294,0,twelvedata,2025-08-26 19:27:03
2712,GBPUSD,2025-07-08 16:00:00,1.36294,1.36325,1.3624,1.36272,0,twelvedata,2025-08-26 19:27:03
2713,GBPUSD,2025-07-08 17:00:00,1.36277,1.36463,1.36277,1.36408,0,twelvedata,2025-08-26 19:27:03
2714,GBPUSD,2025-07-08 18:00:00,1.36403,1.36408,1.36119,1.3613,0,twelvedata,2025-08-26 19:27:03
2715,GBPUSD,2025-07-08 19:00:00,1.36132,1.36143,1.35936,1.35936,0,twelvedata,2025-08-26 19:27:03
2716,GBPUSD,2025-07-08 20:00:00,1.35949,1.35949,1.3577,1.35783,0,twelvedata,2025-08-26 19:27:03
2717,GBPUSD,2025-07-08 21:00:00,1.3577,1.35862,1.35752,1.35752,0,twelvedata,2025-08-26 19:27:03
2718,GBPUSD,2025-07-08 22:00:00,1.35744,1.35849,1.35641,1.35788,0,twelvedata,2025-08-26 19:27:03
2719,GBPUSD,2025-07-08 23:00:00,1.35787,1.35788,1.35413,1.35562,0,twelvedata,2025-08-26 19:27:03
2720,GBPUSD,2025-07-09 00:00:00,1.355,1.3561,1.3527,1.35452,0,twelvedata,2025-08-26 19:27:03
2721,GBPUSD,2025-07-09 01:00:00,1.35468,1.35783,1.35417,1.35728,0,twelvedata,2025-08-26 19:27:03
2722,GBPUSD,2025-07-09 02:00:00,1.35722,1.35822,1.35648,1.35787,0,twelvedata,2025-08-26 19:27:03
2723,GBPUSD,2025-07-09 03:00:00,1.35798,1.35934,1.35781,1.35925,0,twelvedata,2025-08-26 19:27:03
2724,GBPUSD,2025-07-09 04:00:00,1.35934,1.35966,1.35866,1.35938,0,twelvedata,2025-08-26 19:27:03
2725,GBPUSD,2025-07-09 05:00:00,1.35966,1.35977,1.3586,1.35886,0,twelvedata,2025-08-26 19:27:03
2726,GBPUSD,2025-07-09 06:00:00,1.35897,1.35964,1.35884,1.35927,0,twelvedata,2025-08-26 19:27:03
2727,GBPUSD,2025-07-09 07:00:00,1.35894,1.35936,1.35755,1.35879,0,twelvedata,2025-08-26 19:27:03
2728,GBPUSD,2025-07-09 08:00:00,1.35905,1.35953,1.35905,1.35949,0,twelvedata,2025-08-26 19:27:03
2729,GBPUSD,2025-07-09 09:00:00,1.3594,1.35942,1.35847,1.35851,0,twelvedata,2025-08-26 19:27:03
2730,GBPUSD,2025-07-09 10:00:00,1.35857,1.35871,1.35762,1.35871,0,twelvedata,2025-08-26 19:27:03
2731,GBPUSD,2025-07-09 11:00:00,1.35868,1.35894,1.35779,1.35875,0,twelvedata,2025-08-26 19:27:03
2732,GBPUSD,2025-07-09 12:00:00,1.35858,1.35932,1.35661,1.35746,0,twelvedata,2025-08-26 19:27:03
2733,GBPUSD,2025-07-09 13:00:00,1.35742,1.35742,1.35658,1.35702,0,twelvedata,2025-08-26 19:27:03
2734,GBPUSD,2025-07-09 14:00:00,1.35693,1.35862,1.35682,1.35862,0,twelvedata,2025-08-26 19:27:03
2735,GBPUSD,2025-07-09 15:00:00,1.35862,1.35958,1.35847,1.35879,0,twelvedata,2025-08-26 19:27:03
2736,GBPUSD,2025-07-09 16:00:00,1.35873,1.36066,1.35822,1.36038,0,twelvedata,2025-08-26 19:27:03
2737,GBPUSD,2025-07-09 17:00:00,1.3604,1.36045,1.35801,1.35868,0,twelvedata,2025-08-26 19:27:03
2738,GBPUSD,2025-07-09 18:00:00,1.35862,1.36053,1.3584,1.36003,0,twelvedata,2025-08-26 19:27:03
2739,GBPUSD,2025-07-09 19:00:00,1.36023,1.36067,1.35934,1.35964,0,twelvedata,2025-08-26 19:27:03
2740,GBPUSD,2025-07-09 20:00:00,1.35975,1.36041,1.35834,1.35851,0,twelvedata,2025-08-26 19:27:03
2741,GBPUSD,2025-07-09 21:00:00,1.35836,1.35882,1.35761,1.35768,0,twelvedata,2025-08-26 19:27:03
2742,GBPUSD,2025-07-09 22:00:00,1.35799,1.36121,1.35779,1.3609,0,twelvedata,2025-08-26 19:27:03
2743,GBPUSD,2025-07-09 23:00:00,1.36086,1.36182,1.35858,1.3586,0,twelvedata,2025-08-26 19:27:03
2744,GBPUSD,2025-07-10 00:00:00,1.35873,1.36151,1.35833,1.35894,0,twelvedata,2025-08-26 19:27:03
2745,GBPUSD,2025-07-10 01:00:00,1.35895,1.35943,1.35822,1.35847,0,twelvedata,2025-08-26 19:27:03
2746,GBPUSD,2025-07-10 02:00:00,1.35838,1.35875,1.35801,1.3584,0,twelvedata,2025-08-26 19:27:03
2747,GBPUSD,2025-07-10 03:00:00,1.35842,1.35916,1.35814,1.35888,0,twelvedata,2025-08-26 19:27:03
2748,GBPUSD,2025-07-10 04:00:00,1.35894,1.35975,1.35864,1.35888,0,twelvedata,2025-08-26 19:27:03
2749,GBPUSD,2025-07-10 05:00:00,1.35888,1.36016,1.35881,1.35945,0,twelvedata,2025-08-26 19:27:03
2750,GBPUSD,2025-07-10 06:00:00,1.35953,1.35955,1.35847,1.3586,0,twelvedata,2025-08-26 19:27:03
2751,GBPUSD,2025-07-10 07:00:00,1.35842,1.35919,1.35842,1.35895,0,twelvedata,2025-08-26 19:27:03
2752,GBPUSD,2025-07-10 08:00:00,1.35888,1.35925,1.35888,1.35906,0,twelvedata,2025-08-26 19:27:03
2753,GBPUSD,2025-07-10 09:00:00,1.35906,1.35993,1.35886,1.35993,0,twelvedata,2025-08-26 19:27:03
2754,GBPUSD,2025-07-10 10:00:00,1.35977,1.36136,1.35977,1.3611,0,twelvedata,2025-08-26 19:27:03
2755,GBPUSD,2025-07-10 11:00:00,1.36088,1.36117,1.36038,1.36073,0,twelvedata,2025-08-26 19:27:03
2756,GBPUSD,2025-07-10 12:00:00,1.36088,1.36123,1.3606,1.3608,0,twelvedata,2025-08-26 19:27:03
2757,GBPUSD,2025-07-10 13:00:00,1.36077,1.36091,1.36049,1.36051,0,twelvedata,2025-08-26 19:27:03
2758,GBPUSD,2025-07-10 14:00:00,1.36038,1.3606,1.36008,1.36056,0,twelvedata,2025-08-26 19:27:03
2759,GBPUSD,2025-07-10 15:00:00,1.36056,1.36106,1.36047,1.36095,0,twelvedata,2025-08-26 19:27:03
2760,GBPUSD,2025-07-10 16:00:00,1.36103,1.36173,1.36073,1.36119,0,twelvedata,2025-08-26 19:27:03
2761,GBPUSD,2025-07-10 17:00:00,1.36119,1.36195,1.36032,1.36097,0,twelvedata,2025-08-26 19:27:03
2762,GBPUSD,2025-07-10 18:00:00,1.36143,1.36158,1.36054,1.36069,0,twelvedata,2025-08-26 19:27:03
2763,GBPUSD,2025-07-10 19:00:00,1.36071,1.36164,1.36064,1.3609,0,twelvedata,2025-08-26 19:27:03
2764,GBPUSD,2025-07-10 20:00:00,1.36088,1.36116,1.3599,1.36006,0,twelvedata,2025-08-26 19:27:03
2765,GBPUSD,2025-07-10 21:00:00,1.35995,1.35999,1.35735,1.35785,0,twelvedata,2025-08-26 19:27:03
2766,GBPUSD,2025-07-10 22:00:00,1.35807,1.35853,1.35579,1.3561,0,twelvedata,2025-08-26 19:27:03
2767,GBPUSD,2025-07-10 23:00:00,1.3561,1.35702,1.35461,1.35525,0,twelvedata,2025-08-26 19:27:03
2768,GBPUSD,2025-07-11 00:00:00,1.35531,1.35569,1.35344,1.35544,0,twelvedata,2025-08-26 19:27:03
2769,GBPUSD,2025-07-11 01:00:00,1.35562,1.35711,1.35562,1.35678,0,twelvedata,2025-08-26 19:27:03
2770,GBPUSD,2025-07-11 02:00:00,1.35672,1.35733,1.35617,1.35647,0,twelvedata,2025-08-26 19:27:03
2771,GBPUSD,2025-07-11 03:00:00,1.35637,1.35752,1.35621,1.35722,0,twelvedata,2025-08-26 19:27:03
2772,GBPUSD,2025-07-11 04:00:00,1.3572,1.35759,1.35709,1.35755,0,twelvedata,2025-08-26 19:27:03
2773,GBPUSD,2025-07-11 05:00:00,1.35752,1.35831,1.3574,1.35768,0,twelvedata,2025-08-26 19:27:03
2774,GBPUSD,2025-07-11 06:00:00,1.35764,1.35842,1.35763,1.35799,0,twelvedata,2025-08-26 19:27:03
2775,GBPUSD,2025-07-11 07:00:00,1.35772,1.35809,1.35634,1.3579,0,twelvedata,2025-08-26 19:27:03
2776,GBPUSD,2025-07-11 08:00:00,1.35788,1.35864,1.35788,1.35849,0,twelvedata,2025-08-26 19:27:03
2777,GBPUSD,2025-07-11 09:00:00,1.35846,1.35862,1.35785,1.35807,0,twelvedata,2025-08-26 19:27:03
2778,GBPUSD,2025-07-11 10:00:00,1.35801,1.35809,1.35476,1.3556,0,twelvedata,2025-08-26 19:27:03
2779,GBPUSD,2025-07-11 11:00:00,1.35545,1.35689,1.35501,1.35586,0,twelvedata,2025-08-26 19:27:03
2780,GBPUSD,2025-07-11 12:00:00,1.35602,1.35613,1.35545,1.35547,0,twelvedata,2025-08-26 19:27:03
2781,GBPUSD,2025-07-11 13:00:00,1.35544,1.35672,1.35544,1.35665,0,twelvedata,2025-08-26 19:27:03
2782,GBPUSD,2025-07-11 14:00:00,1.35658,1.35661,1.35501,1.35573,0,twelvedata,2025-08-26 19:27:03
2783,GBPUSD,2025-07-11 15:00:00,1.35569,1.35643,1.35555,1.35637,0,twelvedata,2025-08-26 19:27:03
2784,GBPUSD,2025-07-11 16:00:00,1.35516,1.35522,1.35331,1.35336,0,twelvedata,2025-08-26 19:27:03
2785,GBPUSD,2025-07-11 17:00:00,1.35378,1.35571,1.35369,1.35437,0,twelvedata,2025-08-26 19:27:03
2786,GBPUSD,2025-07-11 18:00:00,1.35426,1.35455,1.353,1.35336,0,twelvedata,2025-08-26 19:27:03
2787,GBPUSD,2025-07-11 19:00:00,1.3536,1.35531,1.35351,1.35437,0,twelvedata,2025-08-26 19:27:03
2788,GBPUSD,2025-07-11 20:00:00,1.35437,1.35498,1.35298,1.35309,0,twelvedata,2025-08-26 19:27:03
2789,GBPUSD,2025-07-11 21:00:00,1.35298,1.3538,1.35022,1.35044,0,twelvedata,2025-08-26 19:27:03
2790,GBPUSD,2025-07-11 22:00:00,1.35026,1.351,1.34976,1.35049,0,twelvedata,2025-08-26 19:27:03
2791,GBPUSD,2025-07-11 23:00:00,1.35058,1.35183,1.34927,1.34962,0,twelvedata,2025-08-26 19:27:03
2792,GBPUSD,2025-07-12 00:00:00,1.34969,1.3508,1.34834,1.35064,0,twelvedata,2025-08-26 19:27:03
2793,GBPUSD,2025-07-12 01:00:00,1.35053,1.35126,1.34986,1.3502,0,twelvedata,2025-08-26 19:27:03
2794,GBPUSD,2025-07-12 02:00:00,1.35018,1.35146,1.34967,1.35079,0,twelvedata,2025-08-26 19:27:03
2795,GBPUSD,2025-07-12 03:00:00,1.35069,1.35157,1.35069,1.35139,0,twelvedata,2025-08-26 19:27:03
2796,GBPUSD,2025-07-12 04:00:00,1.3515,1.35172,1.35106,1.35106,0,twelvedata,2025-08-26 19:27:03
2797,GBPUSD,2025-07-12 05:00:00,1.35097,1.35097,1.34978,1.34978,0,twelvedata,2025-08-26 19:27:03
2798,GBPUSD,2025-07-12 06:00:00,1.34973,1.35013,1.34851,1.34922,0,twelvedata,2025-08-26 19:27:03
2799,GBPUSD,2025-07-12 07:00:00,1.34905,1.34905,1.34877,1.34877,0,twelvedata,2025-08-26 19:27:03
2800,GBPUSD,2025-07-12 08:00:00,1.34877,1.34877,1.34877,1.34877,0,twelvedata,2025-08-26 19:27:03
2801,GBPUSD,2025-07-14 09:00:00,1.34847,1.34956,1.34842,1.34956,0,twelvedata,2025-08-26 19:27:03
2802,GBPUSD,2025-07-14 10:00:00,1.34976,1.35046,1.34965,1.34993,0,twelvedata,2025-08-26 19:27:03
2803,GBPUSD,2025-07-14 11:00:00,1.35002,1.35018,1.34898,1.349,0,twelvedata,2025-08-26 19:27:03
2804,GBPUSD,2025-07-14 12:00:00,1.34907,1.34944,1.34729,1.34742,0,twelvedata,2025-08-26 19:27:03
2805,GBPUSD,2025-07-14 13:00:00,1.34742,1.34851,1.34742,1.34834,0,twelvedata,2025-08-26 19:27:03
2806,GBPUSD,2025-07-14 14:00:00,1.34793,1.34814,1.34764,1.34764,0,twelvedata,2025-08-26 19:27:03
2807,GBPUSD,2025-07-14 15:00:00,1.34733,1.34787,1.3466,1.34662,0,twelvedata,2025-08-26 19:27:03
2808,GBPUSD,2025-07-14 16:00:00,1.34662,1.34662,1.34532,1.34562,0,twelvedata,2025-08-26 19:27:03
2809,GBPUSD,2025-07-14 17:00:00,1.34582,1.3488,1.34573,1.3486,0,twelvedata,2025-08-26 19:27:03
2810,GBPUSD,2025-07-14 18:00:00,1.34847,1.34898,1.34758,1.34762,0,twelvedata,2025-08-26 19:27:03
2811,GBPUSD,2025-07-14 19:00:00,1.34744,1.34876,1.34724,1.34851,0,twelvedata,2025-08-26 19:27:03
2812,GBPUSD,2025-07-14 20:00:00,1.34833,1.3494,1.34833,1.34889,0,twelvedata,2025-08-26 19:27:03
2813,GBPUSD,2025-07-14 21:00:00,1.34882,1.34916,1.34789,1.34838,0,twelvedata,2025-08-26 19:27:03
2814,GBPUSD,2025-07-14 22:00:00,1.34869,1.34924,1.34713,1.34776,0,twelvedata,2025-08-26 19:27:03
2815,GBPUSD,2025-07-14 23:00:00,1.34782,1.34842,1.34689,1.34824,0,twelvedata,2025-08-26 19:27:03
2816,GBPUSD,2025-07-15 00:00:00,1.34816,1.3482,1.34466,1.34479,0,twelvedata,2025-08-26 19:27:03
2817,GBPUSD,2025-07-15 01:00:00,1.3447,1.34597,1.34336,1.34342,0,twelvedata,2025-08-26 19:27:03
2818,GBPUSD,2025-07-15 02:00:00,1.3434,1.34428,1.34289,1.34358,0,twelvedata,2025-08-26 19:27:03
2819,GBPUSD,2025-07-15 03:00:00,1.34369,1.34412,1.34262,1.34333,0,twelvedata,2025-08-26 19:27:03
2820,GBPUSD,2025-07-15 04:00:00,1.34327,1.34356,1.34279,1.34295,0,twelvedata,2025-08-26 19:27:03
2821,GBPUSD,2025-07-15 05:00:00,1.34306,1.34331,1.34253,1.34266,0,twelvedata,2025-08-26 19:27:03
2822,GBPUSD,2025-07-15 06:00:00,1.34275,1.34317,1.34257,1.34264,0,twelvedata,2025-08-26 19:27:03
2823,GBPUSD,2025-07-15 07:00:00,1.3434,1.34354,1.34232,1.34317,0,twelvedata,2025-08-26 19:27:03
2824,GBPUSD,2025-07-15 08:00:00,1.34304,1.34304,1.34266,1.34271,0,twelvedata,2025-08-26 19:27:03
2825,GBPUSD,2025-07-15 09:00:00,1.3428,1.34288,1.34216,1.34277,0,twelvedata,2025-08-26 19:27:03
2826,GBPUSD,2025-07-15 10:00:00,1.34279,1.34403,1.34279,1.34345,0,twelvedata,2025-08-26 19:27:03
2827,GBPUSD,2025-07-15 11:00:00,1.34347,1.34387,1.34271,1.34335,0,twelvedata,2025-08-26 19:27:03
2828,GBPUSD,2025-07-15 12:00:00,1.34333,1.34363,1.3428,1.34331,0,twelvedata,2025-08-26 19:27:03
2829,GBPUSD,2025-07-15 13:00:00,1.34335,1.34353,1.34295,1.34295,0,twelvedata,2025-08-26 19:27:03
2830,GBPUSD,2025-07-15 14:00:00,1.34308,1.34335,1.34289,1.3432,0,twelvedata,2025-08-26 19:27:03
2831,GBPUSD,2025-07-15 15:00:00,1.3432,1.34419,1.3432,1.34401,0,twelvedata,2025-08-26 19:27:03
2832,GBPUSD,2025-07-15 16:00:00,1.34363,1.34439,1.34333,1.34353,0,twelvedata,2025-08-26 19:27:03
2833,GBPUSD,2025-07-15 17:00:00,1.3436,1.34532,1.34293,1.34532,0,twelvedata,2025-08-26 19:27:03
2834,GBPUSD,2025-07-15 18:00:00,1.34503,1.34526,1.34419,1.3447,0,twelvedata,2025-08-26 19:27:03
2835,GBPUSD,2025-07-15 19:00:00,1.3447,1.34573,1.34465,1.34557,0,twelvedata,2025-08-26 19:27:03
2836,GBPUSD,2025-07-15 20:00:00,1.34582,1.34591,1.34501,1.34562,0,twelvedata,2025-08-26 19:27:03
2837,GBPUSD,2025-07-15 21:00:00,1.34559,1.34568,1.34436,1.34439,0,twelvedata,2025-08-26 19:27:03
2838,GBPUSD,2025-07-15 22:00:00,1.34419,1.34662,1.34335,1.3449,0,twelvedata,2025-08-26 19:27:03
2839,GBPUSD,2025-07-15 23:00:00,1.34483,1.34483,1.3402,1.34034,0,twelvedata,2025-08-26 19:27:03
2840,GBPUSD,2025-07-16 00:00:00,1.34021,1.341,1.33878,1.33964,0,twelvedata,2025-08-26 19:27:03
2841,GBPUSD,2025-07-16 01:00:00,1.33969,1.34011,1.33808,1.33958,0,twelvedata,2025-08-26 19:27:03
2842,GBPUSD,2025-07-16 02:00:00,1.33994,1.33994,1.33835,1.33854,0,twelvedata,2025-08-26 19:27:03
2843,GBPUSD,2025-07-16 03:00:00,1.33863,1.33872,1.33801,1.33853,0,twelvedata,2025-08-26 19:27:03
2844,GBPUSD,2025-07-16 04:00:00,1.33853,1.33933,1.33842,1.33903,0,twelvedata,2025-08-26 19:27:03
2845,GBPUSD,2025-07-16 05:00:00,1.3391,1.33917,1.33844,1.33863,0,twelvedata,2025-08-26 19:27:03
2846,GBPUSD,2025-07-16 06:00:00,1.3386,1.33878,1.33799,1.3384,0,twelvedata,2025-08-26 19:27:03
2847,GBPUSD,2025-07-16 07:00:00,1.33854,1.33899,1.33829,1.33849,0,twelvedata,2025-08-26 19:27:03
2848,GBPUSD,2025-07-16 08:00:00,1.33831,1.3386,1.33829,1.33856,0,twelvedata,2025-08-26 19:27:03
2849,GBPUSD,2025-07-16 09:00:00,1.33858,1.33932,1.33847,1.33932,0,twelvedata,2025-08-26 19:27:03
2850,GBPUSD,2025-07-16 10:00:00,1.33935,1.33993,1.33851,1.33948,0,twelvedata,2025-08-26 19:27:03
2851,GBPUSD,2025-07-16 11:00:00,1.33924,1.34007,1.33924,1.33969,0,twelvedata,2025-08-26 19:27:03
2852,GBPUSD,2025-07-16 12:00:00,1.33971,1.33971,1.33844,1.33858,0,twelvedata,2025-08-26 19:27:03
2853,GBPUSD,2025-07-16 13:00:00,1.33874,1.33944,1.33853,1.33887,0,twelvedata,2025-08-26 19:27:03
2854,GBPUSD,2025-07-16 14:00:00,1.33885,1.33967,1.33874,1.33967,0,twelvedata,2025-08-26 19:27:03
2855,GBPUSD,2025-07-16 15:00:00,1.33969,1.33998,1.33919,1.33998,0,twelvedata,2025-08-26 19:27:03
2856,GBPUSD,2025-07-16 16:00:00,1.34126,1.34167,1.34043,1.34091,0,twelvedata,2025-08-26 19:27:03
2857,GBPUSD,2025-07-16 17:00:00,1.34093,1.34104,1.33903,1.33935,0,twelvedata,2025-08-26 19:27:03
2858,GBPUSD,2025-07-16 18:00:00,1.33949,1.34014,1.33906,1.33921,0,twelvedata,2025-08-26 19:27:03
2859,GBPUSD,2025-07-16 19:00:00,1.33912,1.33973,1.33856,1.33967,0,twelvedata,2025-08-26 19:27:03
2860,GBPUSD,2025-07-16 20:00:00,1.33951,1.34064,1.33912,1.34063,0,twelvedata,2025-08-26 19:27:03
2861,GBPUSD,2025-07-16 21:00:00,1.34054,1.34118,1.3398,1.34,0,twelvedata,2025-08-26 19:27:03
2862,GBPUSD,2025-07-16 22:00:00,1.34011,1.34122,1.33838,1.33951,0,twelvedata,2025-08-26 19:27:03
2863,GBPUSD,2025-07-16 23:00:00,1.33946,1.33978,1.3367,1.33769,0,twelvedata,2025-08-26 19:27:03
2864,GBPUSD,2025-07-17 00:00:00,1.33804,1.33989,1.33683,1.33942,0,twelvedata,2025-08-26 19:27:03
2865,GBPUSD,2025-07-17 01:00:00,1.33962,1.34814,1.33942,1.34176,0,twelvedata,2025-08-26 19:27:03
2866,GBPUSD,2025-07-17 02:00:00,1.34196,1.34432,1.34135,1.34225,0,twelvedata,2025-08-26 19:27:03
2867,GBPUSD,2025-07-17 03:00:00,1.34237,1.34405,1.34214,1.34221,0,twelvedata,2025-08-26 19:27:03
2868,GBPUSD,2025-07-17 04:00:00,1.34221,1.34221,1.34072,1.34091,0,twelvedata,2025-08-26 19:27:03
2869,GBPUSD,2025-07-17 05:00:00,1.34115,1.34194,1.34057,1.3418,0,twelvedata,2025-08-26 19:27:03
2870,GBPUSD,2025-07-17 06:00:00,1.34169,1.34226,1.3416,1.34207,0,twelvedata,2025-08-26 19:27:03
2871,GBPUSD,2025-07-17 07:00:00,1.34284,1.34284,1.34156,1.34199,0,twelvedata,2025-08-26 19:27:03
2872,GBPUSD,2025-07-17 08:00:00,1.34183,1.34208,1.34138,1.34144,0,twelvedata,2025-08-26 19:27:03
2873,GBPUSD,2025-07-17 09:00:00,1.34147,1.34174,1.34097,1.34109,0,twelvedata,2025-08-26 19:27:03
2874,GBPUSD,2025-07-17 10:00:00,1.34106,1.34106,1.33964,1.33998,0,twelvedata,2025-08-26 19:27:03
2875,GBPUSD,2025-07-17 11:00:00,1.34018,1.34054,1.33933,1.34054,0,twelvedata,2025-08-26 19:27:03
2876,GBPUSD,2025-07-17 12:00:00,1.34041,1.34041,1.33874,1.33887,0,twelvedata,2025-08-26 19:27:03
2877,GBPUSD,2025-07-17 13:00:00,1.33883,1.33935,1.33851,1.33935,0,twelvedata,2025-08-26 19:27:03
2878,GBPUSD,2025-07-17 14:00:00,1.33933,1.3396,1.3389,1.3396,0,twelvedata,2025-08-26 19:27:03
2879,GBPUSD,2025-07-17 15:00:00,1.33958,1.33991,1.3393,1.33939,0,twelvedata,2025-08-26 19:27:03
2880,GBPUSD,2025-07-17 16:00:00,1.33822,1.34018,1.33756,1.33822,0,twelvedata,2025-08-26 19:27:03
2881,GBPUSD,2025-07-17 17:00:00,1.33842,1.33987,1.3382,1.33849,0,twelvedata,2025-08-26 19:27:03
2882,GBPUSD,2025-07-17 18:00:00,1.3386,1.34097,1.33811,1.34097,0,twelvedata,2025-08-26 19:27:03
2883,GBPUSD,2025-07-17 19:00:00,1.34127,1.34127,1.33935,1.33978,0,twelvedata,2025-08-26 19:27:03
2884,GBPUSD,2025-07-17 20:00:00,1.33964,1.34043,1.33932,1.33996,0,twelvedata,2025-08-26 19:27:03
2885,GBPUSD,2025-07-17 21:00:00,1.34007,1.34021,1.33874,1.33942,0,twelvedata,2025-08-26 19:27:03
2886,GBPUSD,2025-07-17 22:00:00,1.33935,1.34108,1.33856,1.34037,0,twelvedata,2025-08-26 19:27:03
2887,GBPUSD,2025-07-17 23:00:00,1.34045,1.34086,1.33944,1.34002,0,twelvedata,2025-08-26 19:27:03
2888,GBPUSD,2025-07-18 00:00:00,1.33975,1.34142,1.33969,1.341,0,twelvedata,2025-08-26 19:27:03
2889,GBPUSD,2025-07-18 01:00:00,1.34082,1.34198,1.34072,1.34126,0,twelvedata,2025-08-26 19:27:03
2890,GBPUSD,2025-07-18 02:00:00,1.34136,1.34208,1.33984,1.34011,0,twelvedata,2025-08-26 19:27:03
2891,GBPUSD,2025-07-18 03:00:00,1.34012,1.34084,1.33998,1.34039,0,twelvedata,2025-08-26 19:27:03
2892,GBPUSD,2025-07-18 04:00:00,1.34041,1.34124,1.34027,1.341,0,twelvedata,2025-08-26 19:27:03
2893,GBPUSD,2025-07-18 05:00:00,1.34115,1.34203,1.34111,1.34203,0,twelvedata,2025-08-26 19:27:03
2894,GBPUSD,2025-07-18 06:00:00,1.34183,1.34208,1.34147,1.34171,0,twelvedata,2025-08-26 19:27:03
2895,GBPUSD,2025-07-18 07:00:00,1.34217,1.34217,1.34106,1.34178,0,twelvedata,2025-08-26 19:27:03
2896,GBPUSD,2025-07-18 08:00:00,1.34171,1.34331,1.34171,1.34304,0,twelvedata,2025-08-26 19:27:03
2897,GBPUSD,2025-07-18 09:00:00,1.34308,1.34347,1.34286,1.34313,0,twelvedata,2025-08-26 19:27:03
2898,GBPUSD,2025-07-18 10:00:00,1.34322,1.34383,1.34282,1.3432,0,twelvedata,2025-08-26 19:27:03
2899,GBPUSD,2025-07-18 11:00:00,1.34322,1.34401,1.343,1.34362,0,twelvedata,2025-08-26 19:27:03
2900,GBPUSD,2025-07-18 12:00:00,1.34354,1.34398,1.34297,1.3438,0,twelvedata,2025-08-26 19:27:03
2901,GBPUSD,2025-07-18 13:00:00,1.34367,1.34391,1.34286,1.34304,0,twelvedata,2025-08-26 19:27:03
2902,GBPUSD,2025-07-18 14:00:00,1.343,1.343,1.34239,1.34248,0,twelvedata,2025-08-26 19:27:03
2903,GBPUSD,2025-07-18 15:00:00,1.34241,1.34244,1.34136,1.34167,0,twelvedata,2025-08-26 19:27:03
2904,GBPUSD,2025-07-18 16:00:00,1.3416,1.34327,1.34113,1.34322,0,twelvedata,2025-08-26 19:27:03
2905,GBPUSD,2025-07-18 17:00:00,1.34345,1.34392,1.34279,1.34306,0,twelvedata,2025-08-26 19:27:03
2906,GBPUSD,2025-07-18 18:00:00,1.34327,1.34428,1.34327,1.34372,0,twelvedata,2025-08-26 19:27:03
2907,GBPUSD,2025-07-18 19:00:00,1.34371,1.34434,1.34371,1.34414,0,twelvedata,2025-08-26 19:27:03
2908,GBPUSD,2025-07-18 20:00:00,1.3441,1.34541,1.3438,1.34528,0,twelvedata,2025-08-26 19:27:03
2909,GBPUSD,2025-07-18 21:00:00,1.34533,1.34577,1.34503,1.34577,0,twelvedata,2025-08-26 19:27:03
2910,GBPUSD,2025-07-18 22:00:00,1.34573,1.34727,1.34539,1.34579,0,twelvedata,2025-08-26 19:27:03
2911,GBPUSD,2025-07-18 23:00:00,1.34595,1.34738,1.3455,1.34657,0,twelvedata,2025-08-26 19:27:03
2912,GBPUSD,2025-07-19 00:00:00,1.34664,1.347,1.34401,1.34436,0,twelvedata,2025-08-26 19:27:03
2913,GBPUSD,2025-07-19 01:00:00,1.34432,1.34483,1.34354,1.34374,0,twelvedata,2025-08-26 19:27:03
2914,GBPUSD,2025-07-19 02:00:00,1.34362,1.34382,1.34183,1.34194,0,twelvedata,2025-08-26 19:27:03
2915,GBPUSD,2025-07-19 03:00:00,1.34181,1.34208,1.34124,1.34203,0,twelvedata,2025-08-26 19:27:03
2916,GBPUSD,2025-07-19 04:00:00,1.34221,1.34221,1.34151,1.34172,0,twelvedata,2025-08-26 19:27:03
2917,GBPUSD,2025-07-19 05:00:00,1.34176,1.34181,1.34097,1.34145,0,twelvedata,2025-08-26 19:27:03
2918,GBPUSD,2025-07-19 06:00:00,1.3414,1.34165,1.3407,1.3412,0,twelvedata,2025-08-26 19:27:03
2919,GBPUSD,2025-07-19 07:00:00,1.34194,1.34223,1.3409,1.34223,0,twelvedata,2025-08-26 19:27:03
2920,GBPUSD,2025-07-19 08:00:00,1.3404,1.3404,1.3404,1.3404,0,twelvedata,2025-08-26 19:27:03
2921,GBPUSD,2025-07-21 09:00:00,1.34135,1.3418,1.34115,1.34154,0,twelvedata,2025-08-26 19:27:03
2922,GBPUSD,2025-07-21 10:00:00,1.34165,1.34196,1.34041,1.34043,0,twelvedata,2025-08-26 19:27:03
2923,GBPUSD,2025-07-21 11:00:00,1.34028,1.3416,1.34028,1.34135,0,twelvedata,2025-08-26 19:27:03
2924,GBPUSD,2025-07-21 12:00:00,1.34115,1.3416,1.34079,1.34127,0,twelvedata,2025-08-26 19:27:03
2925,GBPUSD,2025-07-21 13:00:00,1.34127,1.34174,1.34115,1.34165,0,twelvedata,2025-08-26 19:27:03
2926,GBPUSD,2025-07-21 14:00:00,1.3416,1.34198,1.34144,1.34194,0,twelvedata,2025-08-26 19:27:03
2927,GBPUSD,2025-07-21 15:00:00,1.34187,1.34253,1.34187,1.34241,0,twelvedata,2025-08-26 19:27:03
2928,GBPUSD,2025-07-21 16:00:00,1.34223,1.34436,1.34223,1.34436,0,twelvedata,2025-08-26 19:27:03
2929,GBPUSD,2025-07-21 17:00:00,1.3443,1.34474,1.34365,1.34456,0,twelvedata,2025-08-26 19:27:03
2930,GBPUSD,2025-07-21 18:00:00,1.34468,1.34651,1.34419,1.34517,0,twelvedata,2025-08-26 19:27:03
2931,GBPUSD,2025-07-21 19:00:00,1.34512,1.34591,1.34463,1.34586,0,twelvedata,2025-08-26 19:27:03
2932,GBPUSD,2025-07-21 20:00:00,1.34584,1.34597,1.34472,1.34575,0,twelvedata,2025-08-26 19:27:03
2933,GBPUSD,2025-07-21 21:00:00,1.3459,1.34798,1.34579,1.34785,0,twelvedata,2025-08-26 19:27:03
2934,GBPUSD,2025-07-21 22:00:00,1.34802,1.34838,1.34747,1.34802,0,twelvedata,2025-08-26 19:27:03
2935,GBPUSD,2025-07-21 23:00:00,1.34784,1.34795,1.34675,1.34702,0,twelvedata,2025-08-26 19:27:03
2936,GBPUSD,2025-07-22 00:00:00,1.34706,1.3496,1.34706,1.34938,0,twelvedata,2025-08-26 19:27:03
2937,GBPUSD,2025-07-22 01:00:00,1.34947,1.35104,1.34947,1.34966,0,twelvedata,2025-08-26 19:27:03
2938,GBPUSD,2025-07-22 02:00:00,1.34947,1.35002,1.34913,1.34955,0,twelvedata,2025-08-26 19:27:03
2939,GBPUSD,2025-07-22 03:00:00,1.34964,1.34964,1.34851,1.34869,0,twelvedata,2025-08-26 19:27:03
2940,GBPUSD,2025-07-22 04:00:00,1.34864,1.34927,1.34856,1.34905,0,twelvedata,2025-08-26 19:27:03
2941,GBPUSD,2025-07-22 05:00:00,1.34916,1.34925,1.34844,1.34844,0,twelvedata,2025-08-26 19:27:03
2942,GBPUSD,2025-07-22 06:00:00,1.34842,1.3494,1.34838,1.3494,0,twelvedata,2025-08-26 19:27:03
2943,GBPUSD,2025-07-22 07:00:00,1.34878,1.34933,1.34867,1.34913,0,twelvedata,2025-08-26 19:27:03
2944,GBPUSD,2025-07-22 08:00:00,1.34927,1.34927,1.34878,1.34896,0,twelvedata,2025-08-26 19:27:03
2945,GBPUSD,2025-07-22 09:00:00,1.34891,1.34902,1.34864,1.34895,0,twelvedata,2025-08-26 19:27:03
2946,GBPUSD,2025-07-22 10:00:00,1.34885,1.34885,1.34804,1.34838,0,twelvedata,2025-08-26 19:27:03
2947,GBPUSD,2025-07-22 11:00:00,1.34844,1.34847,1.34771,1.34809,0,twelvedata,2025-08-26 19:27:03
2948,GBPUSD,2025-07-22 12:00:00,1.34814,1.3488,1.348,1.34827,0,twelvedata,2025-08-26 19:27:03
2949,GBPUSD,2025-07-22 13:00:00,1.3482,1.34834,1.34787,1.34798,0,twelvedata,2025-08-26 19:27:03
2950,GBPUSD,2025-07-22 14:00:00,1.34795,1.34827,1.34753,1.34778,0,twelvedata,2025-08-26 19:27:03
2951,GBPUSD,2025-07-22 15:00:00,1.34769,1.34798,1.34704,1.34745,0,twelvedata,2025-08-26 19:27:03
2952,GBPUSD,2025-07-22 16:00:00,1.34715,1.34744,1.34673,1.34718,0,twelvedata,2025-08-26 19:27:03
2953,GBPUSD,2025-07-22 17:00:00,1.34738,1.34742,1.34642,1.34675,0,twelvedata,2025-08-26 19:27:03
2954,GBPUSD,2025-07-22 18:00:00,1.34657,1.34909,1.34657,1.349,0,twelvedata,2025-08-26 19:27:03
2955,GBPUSD,2025-07-22 19:00:00,1.34924,1.34958,1.34873,1.34958,0,twelvedata,2025-08-26 19:27:03
2956,GBPUSD,2025-07-22 20:00:00,1.34966,1.34998,1.3478,1.34787,0,twelvedata,2025-08-26 19:27:03
2957,GBPUSD,2025-07-22 21:00:00,1.34795,1.34876,1.34758,1.34876,0,twelvedata,2025-08-26 19:27:03
2958,GBPUSD,2025-07-22 22:00:00,1.34878,1.34891,1.34769,1.34816,0,twelvedata,2025-08-26 19:27:03
2959,GBPUSD,2025-07-22 23:00:00,1.34856,1.34893,1.34776,1.34862,0,twelvedata,2025-08-26 19:27:03
2960,GBPUSD,2025-07-23 00:00:00,1.3482,1.35069,1.3474,1.35027,0,twelvedata,2025-08-26 19:27:03
2961,GBPUSD,2025-07-23 01:00:00,1.34998,1.35197,1.34982,1.35197,0,twelvedata,2025-08-26 19:27:03
2962,GBPUSD,2025-07-23 02:00:00,1.35183,1.35327,1.35183,1.35305,0,twelvedata,2025-08-26 19:27:03
2963,GBPUSD,2025-07-23 03:00:00,1.35311,1.35311,1.35208,1.3523,0,twelvedata,2025-08-26 19:27:03
2964,GBPUSD,2025-07-23 04:00:00,1.35223,1.35278,1.35201,1.35272,0,twelvedata,2025-08-26 19:27:03
2965,GBPUSD,2025-07-23 05:00:00,1.35274,1.35333,1.35267,1.35329,0,twelvedata,2025-08-26 19:27:03
2966,GBPUSD,2025-07-23 06:00:00,1.35316,1.35349,1.35276,1.35349,0,twelvedata,2025-08-26 19:27:03
2967,GBPUSD,2025-07-23 07:00:00,1.3525,1.3534,1.3525,1.35281,0,twelvedata,2025-08-26 19:27:03
2968,GBPUSD,2025-07-23 08:00:00,1.35278,1.35291,1.35259,1.35265,0,twelvedata,2025-08-26 19:27:03
2969,GBPUSD,2025-07-23 09:00:00,1.35261,1.35347,1.35195,1.3521,0,twelvedata,2025-08-26 19:27:03
2970,GBPUSD,2025-07-23 10:00:00,1.35219,1.35276,1.35183,1.35276,0,twelvedata,2025-08-26 19:27:03
2971,GBPUSD,2025-07-23 11:00:00,1.35276,1.35287,1.35181,1.35234,0,twelvedata,2025-08-26 19:27:03
2972,GBPUSD,2025-07-23 12:00:00,1.35256,1.353,1.35181,1.35199,0,twelvedata,2025-08-26 19:27:03
2973,GBPUSD,2025-07-23 13:00:00,1.35208,1.35355,1.35203,1.35278,0,twelvedata,2025-08-26 19:27:03
2974,GBPUSD,2025-07-23 14:00:00,1.35281,1.35313,1.35236,1.35272,0,twelvedata,2025-08-26 19:27:03
2975,GBPUSD,2025-07-23 15:00:00,1.35278,1.35305,1.35208,1.35227,0,twelvedata,2025-08-26 19:27:03
2976,GBPUSD,2025-07-23 16:00:00,1.35243,1.35333,1.35172,1.35329,0,twelvedata,2025-08-26 19:27:03
2977,GBPUSD,2025-07-23 17:00:00,1.35342,1.35487,1.3534,1.35432,0,twelvedata,2025-08-26 19:27:03
2978,GBPUSD,2025-07-23 18:00:00,1.35443,1.35483,1.35375,1.35417,0,twelvedata,2025-08-26 19:27:03
2979,GBPUSD,2025-07-23 19:00:00,1.35446,1.35487,1.35375,1.35454,0,twelvedata,2025-08-26 19:27:03
2980,GBPUSD,2025-07-23 20:00:00,1.35446,1.35463,1.35364,1.35371,0,twelvedata,2025-08-26 19:27:03
2981,GBPUSD,2025-07-23 21:00:00,1.35338,1.35439,1.35338,1.354,0,twelvedata,2025-08-26 19:27:03
2982,GBPUSD,2025-07-23 22:00:00,1.35393,1.35441,1.35325,1.35439,0,twelvedata,2025-08-26 19:27:03
2983,GBPUSD,2025-07-23 23:00:00,1.35463,1.35466,1.35247,1.35466,0,twelvedata,2025-08-26 19:27:03
2984,GBPUSD,2025-07-24 00:00:00,1.35465,1.3563,1.354,1.35604,0,twelvedata,2025-08-26 19:27:03
2985,GBPUSD,2025-07-24 01:00:00,1.35591,1.35755,1.35542,1.35704,0,twelvedata,2025-08-26 19:27:03
2986,GBPUSD,2025-07-24 02:00:00,1.35645,1.35707,1.35553,1.35612,0,twelvedata,2025-08-26 19:27:03
2987,GBPUSD,2025-07-24 03:00:00,1.3565,1.35724,1.35593,1.35685,0,twelvedata,2025-08-26 19:27:03
2988,GBPUSD,2025-07-24 04:00:00,1.35707,1.35809,1.35694,1.35798,0,twelvedata,2025-08-26 19:27:03
2989,GBPUSD,2025-07-24 05:00:00,1.35811,1.35834,1.35763,1.35823,0,twelvedata,2025-08-26 19:27:03
2990,GBPUSD,2025-07-24 06:00:00,1.35822,1.35844,1.35796,1.35807,0,twelvedata,2025-08-26 19:27:03
2991,GBPUSD,2025-07-24 07:00:00,1.35807,1.35833,1.35724,1.35816,0,twelvedata,2025-08-26 19:27:03
2992,GBPUSD,2025-07-24 08:00:00,1.35811,1.35862,1.35798,1.35831,0,twelvedata,2025-08-26 19:27:03
2993,GBPUSD,2025-07-24 09:00:00,1.35836,1.3587,1.35794,1.35796,0,twelvedata,2025-08-26 19:27:03
2994,GBPUSD,2025-07-24 10:00:00,1.35785,1.3579,1.35718,1.3574,0,twelvedata,2025-08-26 19:27:03
2995,GBPUSD,2025-07-24 11:00:00,1.35752,1.35882,1.35752,1.35836,0,twelvedata,2025-08-26 19:27:03
2996,GBPUSD,2025-07-24 12:00:00,1.35827,1.35842,1.35763,1.35812,0,twelvedata,2025-08-26 19:27:03
2997,GBPUSD,2025-07-24 13:00:00,1.35807,1.35851,1.35788,1.3579,0,twelvedata,2025-08-26 19:27:03
2998,GBPUSD,2025-07-24 14:00:00,1.35774,1.35818,1.35761,1.35801,0,twelvedata,2025-08-26 19:27:03
2999,GBPUSD,2025-07-24 15:00:00,1.35799,1.35823,1.35768,1.35792,0,twelvedata,2025-08-26 19:27:03
3000,GBPUSD,2025-07-24 16:00:00,1.35772,1.35775,1.35636,1.35636,0,twelvedata,2025-08-26 19:27:03
3001,GBPUSD,2025-07-24 17:00:00,1.35628,1.35672,1.35575,1.35604,0,twelvedata,2025-08-26 19:27:03
3002,GBPUSD,2025-07-24 18:00:00,1.35632,1.35659,1.35437,1.35439,0,twelvedata,2025-08-26 19:27:03
3003,GBPUSD,2025-07-24 19:00:00,1.35437,1.35477,1.35408,1.35477,0,twelvedata,2025-08-26 19:27:03
3004,GBPUSD,2025-07-24 20:00:00,1.35481,1.35505,1.35366,1.35397,0,twelvedata,2025-08-26 19:27:03
3005,GBPUSD,2025-07-24 21:00:00,1.35393,1.35514,1.35386,1.35514,0,twelvedata,2025-08-26 19:27:03
3006,GBPUSD,2025-07-24 22:00:00,1.35527,1.35538,1.35333,1.35367,0,twelvedata,2025-08-26 19:27:03
3007,GBPUSD,2025-07-24 23:00:00,1.35356,1.35529,1.3534,1.35525,0,twelvedata,2025-08-26 19:27:03
3008,GBPUSD,2025-07-25 00:00:00,1.3554,1.35617,1.35355,1.35422,0,twelvedata,2025-08-26 19:27:03
3009,GBPUSD,2025-07-25 01:00:00,1.35428,1.35428,1.35237,1.35247,0,twelvedata,2025-08-26 19:27:03
3010,GBPUSD,2025-07-25 02:00:00,1.35228,1.35269,1.3506,1.35095,0,twelvedata,2025-08-26 19:27:03
3011,GBPUSD,2025-07-25 03:00:00,1.35113,1.35281,1.35113,1.35188,0,twelvedata,2025-08-26 19:27:03
3012,GBPUSD,2025-07-25 04:00:00,1.35199,1.35217,1.35153,1.35175,0,twelvedata,2025-08-26 19:27:03
3013,GBPUSD,2025-07-25 05:00:00,1.35163,1.35199,1.35071,1.35076,0,twelvedata,2025-08-26 19:27:03
3014,GBPUSD,2025-07-25 06:00:00,1.35078,1.35111,1.3504,1.35077,0,twelvedata,2025-08-26 19:27:03
3015,GBPUSD,2025-07-25 07:00:00,1.35071,1.35126,1.34938,1.35122,0,twelvedata,2025-08-26 19:27:03
3016,GBPUSD,2025-07-25 08:00:00,1.35053,1.35069,1.35038,1.3506,0,twelvedata,2025-08-26 19:27:03
3017,GBPUSD,2025-07-25 09:00:00,1.35068,1.35108,1.35046,1.35091,0,twelvedata,2025-08-26 19:27:03
3018,GBPUSD,2025-07-25 10:00:00,1.35108,1.35111,1.35044,1.35077,0,twelvedata,2025-08-26 19:27:03
3019,GBPUSD,2025-07-25 11:00:00,1.35097,1.3513,1.34987,1.35,0,twelvedata,2025-08-26 19:27:03
3020,GBPUSD,2025-07-25 12:00:00,1.35007,1.35007,1.34907,1.34936,0,twelvedata,2025-08-26 19:27:03
3021,GBPUSD,2025-07-25 13:00:00,1.34931,1.34976,1.34887,1.34949,0,twelvedata,2025-08-26 19:27:03
3022,GBPUSD,2025-07-25 14:00:00,1.34945,1.34991,1.3488,1.34913,0,twelvedata,2025-08-26 19:27:03
3023,GBPUSD,2025-07-25 15:00:00,1.34924,1.35048,1.34898,1.35044,0,twelvedata,2025-08-26 19:27:03
3024,GBPUSD,2025-07-25 16:00:00,1.35,1.35029,1.34827,1.34904,0,twelvedata,2025-08-26 19:27:03
3025,GBPUSD,2025-07-25 17:00:00,1.34913,1.34925,1.34675,1.34695,0,twelvedata,2025-08-26 19:27:03
3026,GBPUSD,2025-07-25 18:00:00,1.34706,1.34765,1.34613,1.34631,0,twelvedata,2025-08-26 19:27:03
3027,GBPUSD,2025-07-25 19:00:00,1.34629,1.34646,1.34519,1.34646,0,twelvedata,2025-08-26 19:27:03
3028,GBPUSD,2025-07-25 20:00:00,1.34599,1.34638,1.34535,1.34604,0,twelvedata,2025-08-26 19:27:03
3029,GBPUSD,2025-07-25 21:00:00,1.34579,1.34604,1.34396,1.3451,0,twelvedata,2025-08-26 19:27:03
3030,GBPUSD,2025-07-25 22:00:00,1.34513,1.34544,1.34253,1.34345,0,twelvedata,2025-08-26 19:27:03
3031,GBPUSD,2025-07-25 23:00:00,1.34336,1.34385,1.34169,1.3438,0,twelvedata,2025-08-26 19:27:03
3032,GBPUSD,2025-07-26 00:00:00,1.34383,1.34428,1.34298,1.34318,0,twelvedata,2025-08-26 19:27:03
3033,GBPUSD,2025-07-26 01:00:00,1.34298,1.34383,1.34208,1.34279,0,twelvedata,2025-08-26 19:27:03
3034,GBPUSD,2025-07-26 02:00:00,1.34277,1.34298,1.34178,1.34207,0,twelvedata,2025-08-26 19:27:03
3035,GBPUSD,2025-07-26 03:00:00,1.34226,1.34298,1.34203,1.34298,0,twelvedata,2025-08-26 19:27:03
3036,GBPUSD,2025-07-26 04:00:00,1.34268,1.34367,1.34268,1.34367,0,twelvedata,2025-08-26 19:27:03
3037,GBPUSD,2025-07-26 05:00:00,1.34358,1.3438,1.34336,1.34378,0,twelvedata,2025-08-26 19:27:03
3038,GBPUSD,2025-07-26 06:00:00,1.34362,1.34376,1.34306,1.34374,0,twelvedata,2025-08-26 19:27:03
3039,GBPUSD,2025-07-26 07:00:00,1.34385,1.34385,1.34345,1.34385,0,twelvedata,2025-08-26 19:27:03
3040,GBPUSD,2025-07-26 08:00:00,1.34345,1.34345,1.34345,1.34345,0,twelvedata,2025-08-26 19:27:03
3041,GBPUSD,2025-07-28 09:00:00,1.34347,1.34436,1.34338,1.34374,0,twelvedata,2025-08-26 19:27:03
3042,GBPUSD,2025-07-28 10:00:00,1.34392,1.34492,1.34363,1.34436,0,twelvedata,2025-08-26 19:27:03
3043,GBPUSD,2025-07-28 11:00:00,1.34461,1.34532,1.34327,1.34371,0,twelvedata,2025-08-26 19:27:03
3044,GBPUSD,2025-07-28 12:00:00,1.34338,1.34434,1.34306,1.34396,0,twelvedata,2025-08-26 19:27:03
3045,GBPUSD,2025-07-28 13:00:00,1.34382,1.34434,1.34353,1.34423,0,twelvedata,2025-08-26 19:27:03
3046,GBPUSD,2025-07-28 14:00:00,1.34436,1.34447,1.34331,1.34369,0,twelvedata,2025-08-26 19:27:03
3047,GBPUSD,2025-07-28 15:00:00,1.34347,1.34369,1.34279,1.34279,0,twelvedata,2025-08-26 19:27:03
3048,GBPUSD,2025-07-28 16:00:00,1.34279,1.343,1.34072,1.34208,0,twelvedata,2025-08-26 19:27:03
3049,GBPUSD,2025-07-28 17:00:00,1.34228,1.34311,1.34082,1.34082,0,twelvedata,2025-08-26 19:27:03
3050,GBPUSD,2025-07-28 18:00:00,1.34091,1.34277,1.34091,1.34217,0,twelvedata,2025-08-26 19:27:03
3051,GBPUSD,2025-07-28 19:00:00,1.34198,1.3427,1.34124,1.34144,0,twelvedata,2025-08-26 19:27:03
3052,GBPUSD,2025-07-28 20:00:00,1.34163,1.34217,1.34108,1.34207,0,twelvedata,2025-08-26 19:27:03
3053,GBPUSD,2025-07-28 21:00:00,1.3419,1.34286,1.34064,1.34264,0,twelvedata,2025-08-26 19:27:03
3054,GBPUSD,2025-07-28 22:00:00,1.34293,1.34374,1.34234,1.34369,0,twelvedata,2025-08-26 19:27:03
3055,GBPUSD,2025-07-28 23:00:00,1.34389,1.34389,1.34136,1.34167,0,twelvedata,2025-08-26 19:27:03
3056,GBPUSD,2025-07-29 00:00:00,1.34158,1.34261,1.34111,1.34138,0,twelvedata,2025-08-26 19:27:03
3057,GBPUSD,2025-07-29 01:00:00,1.34122,1.34133,1.33923,1.33923,0,twelvedata,2025-08-26 19:27:03
3058,GBPUSD,2025-07-29 02:00:00,1.33919,1.33919,1.33772,1.33797,0,twelvedata,2025-08-26 19:27:03
3059,GBPUSD,2025-07-29 03:00:00,1.33788,1.33803,1.33581,1.33595,0,twelvedata,2025-08-26 19:27:03
3060,GBPUSD,2025-07-29 04:00:00,1.33602,1.33602,1.33529,1.33529,0,twelvedata,2025-08-26 19:27:03
3061,GBPUSD,2025-07-29 05:00:00,1.33543,1.33554,1.33517,1.33551,0,twelvedata,2025-08-26 19:27:03
3062,GBPUSD,2025-07-29 06:00:00,1.33556,1.33586,1.33535,1.33556,0,twelvedata,2025-08-26 19:27:03
3063,GBPUSD,2025-07-29 07:00:00,1.3357,1.33658,1.33547,1.33586,0,twelvedata,2025-08-26 19:27:03
3064,GBPUSD,2025-07-29 08:00:00,1.33558,1.33613,1.33554,1.33609,0,twelvedata,2025-08-26 19:27:03
3065,GBPUSD,2025-07-29 09:00:00,1.33601,1.33617,1.33559,1.33606,0,twelvedata,2025-08-26 19:27:03
3066,GBPUSD,2025-07-29 10:00:00,1.33597,1.33597,1.3346,1.33463,0,twelvedata,2025-08-26 19:27:03
3067,GBPUSD,2025-07-29 11:00:00,1.33461,1.33581,1.33461,1.33488,0,twelvedata,2025-08-26 19:27:03
3068,GBPUSD,2025-07-29 12:00:00,1.3351,1.33572,1.33501,1.33568,0,twelvedata,2025-08-26 19:27:03
3069,GBPUSD,2025-07-29 13:00:00,1.33561,1.33579,1.33421,1.33422,0,twelvedata,2025-08-26 19:27:03
3070,GBPUSD,2025-07-29 14:00:00,1.33422,1.33504,1.3338,1.33492,0,twelvedata,2025-08-26 19:27:03
3071,GBPUSD,2025-07-29 15:00:00,1.33494,1.33535,1.33445,1.33494,0,twelvedata,2025-08-26 19:27:03
3072,GBPUSD,2025-07-29 16:00:00,1.33486,1.33529,1.33266,1.3328,0,twelvedata,2025-08-26 19:27:03
3073,GBPUSD,2025-07-29 17:00:00,1.33278,1.33353,1.33166,1.33321,0,twelvedata,2025-08-26 19:27:03
3074,GBPUSD,2025-07-29 18:00:00,1.33321,1.3347,1.33292,1.33429,0,twelvedata,2025-08-26 19:27:03
3075,GBPUSD,2025-07-29 19:00:00,1.33456,1.33577,1.3344,1.33522,0,twelvedata,2025-08-26 19:27:03
3076,GBPUSD,2025-07-29 20:00:00,1.33535,1.3362,1.33514,1.33526,0,twelvedata,2025-08-26 19:27:03
3077,GBPUSD,2025-07-29 21:00:00,1.3352,1.33526,1.33296,1.33399,0,twelvedata,2025-08-26 19:27:03
3078,GBPUSD,2025-07-29 22:00:00,1.33388,1.33424,1.33179,1.33179,0,twelvedata,2025-08-26 19:27:03
3079,GBPUSD,2025-07-29 23:00:00,1.33161,1.33255,1.33088,1.33255,0,twelvedata,2025-08-26 19:27:03
3080,GBPUSD,2025-07-30 00:00:00,1.3328,1.33372,1.33111,1.3328,0,twelvedata,2025-08-26 19:27:03
3081,GBPUSD,2025-07-30 01:00:00,1.33284,1.33426,1.33271,1.33385,0,twelvedata,2025-08-26 19:27:03
3082,GBPUSD,2025-07-30 02:00:00,1.33401,1.33476,1.33392,1.33403,0,twelvedata,2025-08-26 19:27:03
3083,GBPUSD,2025-07-30 03:00:00,1.33376,1.33522,1.33376,1.33397,0,twelvedata,2025-08-26 19:27:03
3084,GBPUSD,2025-07-30 04:00:00,1.33396,1.33547,1.33365,1.33547,0,twelvedata,2025-08-26 19:27:03
3085,GBPUSD,2025-07-30 05:00:00,1.33561,1.33629,1.33535,1.33583,0,twelvedata,2025-08-26 19:27:03
3086,GBPUSD,2025-07-30 06:00:00,1.33579,1.33601,1.33495,1.3351,0,twelvedata,2025-08-26 19:27:03
3087,GBPUSD,2025-07-30 07:00:00,1.33486,1.33561,1.33472,1.33508,0,twelvedata,2025-08-26 19:27:03
3088,GBPUSD,2025-07-30 08:00:00,1.33511,1.33545,1.33511,1.33538,0,twelvedata,2025-08-26 19:27:03
3089,GBPUSD,2025-07-30 09:00:00,1.33529,1.3354,1.33506,1.3354,0,twelvedata,2025-08-26 19:27:03
3090,GBPUSD,2025-07-30 10:00:00,1.33542,1.33661,1.33533,1.33661,0,twelvedata,2025-08-26 19:27:03
3091,GBPUSD,2025-07-30 11:00:00,1.33681,1.3369,1.33576,1.33577,0,twelvedata,2025-08-26 19:27:03
3092,GBPUSD,2025-07-30 12:00:00,1.33576,1.33654,1.33554,1.33597,0,twelvedata,2025-08-26 19:27:03
3093,GBPUSD,2025-07-30 13:00:00,1.33604,1.33688,1.33574,1.33597,0,twelvedata,2025-08-26 19:27:03
3094,GBPUSD,2025-07-30 14:00:00,1.33599,1.33599,1.33504,1.33506,0,twelvedata,2025-08-26 19:27:03
3095,GBPUSD,2025-07-30 15:00:00,1.33504,1.33556,1.33481,1.33481,0,twelvedata,2025-08-26 19:27:03
3096,GBPUSD,2025-07-30 16:00:00,1.33485,1.33651,1.33426,1.33651,0,twelvedata,2025-08-26 19:27:03
3097,GBPUSD,2025-07-30 17:00:00,1.3362,1.33686,1.33601,1.33618,0,twelvedata,2025-08-26 19:27:03
3098,GBPUSD,2025-07-30 18:00:00,1.33634,1.33693,1.33604,1.33693,0,twelvedata,2025-08-26 19:27:03
3099,GBPUSD,2025-07-30 19:00:00,1.33676,1.33822,1.33668,1.33811,0,twelvedata,2025-08-26 19:27:03
3100,GBPUSD,2025-07-30 20:00:00,1.33815,1.33844,1.33629,1.33656,0,twelvedata,2025-08-26 19:27:03
3101,GBPUSD,2025-07-30 21:00:00,1.33636,1.33733,1.33583,1.33733,0,twelvedata,2025-08-26 19:27:03
3102,GBPUSD,2025-07-30 22:00:00,1.33743,1.33792,1.33083,1.33083,0,twelvedata,2025-08-26 19:27:03
3103,GBPUSD,2025-07-30 23:00:00,1.33101,1.33124,1.32772,1.32774,0,twelvedata,2025-08-26 19:27:03
3104,GBPUSD,2025-07-31 00:00:00,1.32841,1.32935,1.32809,1.32922,0,twelvedata,2025-08-26 19:27:03
3105,GBPUSD,2025-07-31 01:00:00,1.32901,1.32903,1.32732,1.32733,0,twelvedata,2025-08-26 19:27:03
3106,GBPUSD,2025-07-31 02:00:00,1.32742,1.32814,1.32709,1.32811,0,twelvedata,2025-08-26 19:27:03
3107,GBPUSD,2025-07-31 03:00:00,1.32843,1.32919,1.32814,1.32919,0,twelvedata,2025-08-26 19:27:03
3108,GBPUSD,2025-07-31 04:00:00,1.32968,1.33099,1.32429,1.32429,0,twelvedata,2025-08-26 19:27:03
3109,GBPUSD,2025-07-31 05:00:00,1.32387,1.32492,1.32305,1.32431,0,twelvedata,2025-08-26 19:27:03
3110,GBPUSD,2025-07-31 06:00:00,1.32464,1.32549,1.32384,1.32406,0,twelvedata,2025-08-26 19:27:03
3111,GBPUSD,2025-07-31 07:00:00,1.32326,1.32457,1.32269,1.32368,0,twelvedata,2025-08-26 19:27:03
3112,GBPUSD,2025-07-31 08:00:00,1.32389,1.32549,1.32389,1.32542,0,twelvedata,2025-08-26 19:27:03
3113,GBPUSD,2025-07-31 09:00:00,1.32519,1.32593,1.32491,1.32575,0,twelvedata,2025-08-26 19:27:03
3114,GBPUSD,2025-07-31 10:00:00,1.32557,1.32577,1.3245,1.32514,0,twelvedata,2025-08-26 19:27:03
3115,GBPUSD,2025-07-31 11:00:00,1.32517,1.32584,1.32435,1.32571,0,twelvedata,2025-08-26 19:27:03
3116,GBPUSD,2025-07-31 12:00:00,1.32584,1.32614,1.32531,1.32614,0,twelvedata,2025-08-26 19:27:03
3117,GBPUSD,2025-07-31 13:00:00,1.32608,1.32631,1.32484,1.32605,0,twelvedata,2025-08-26 19:27:03
3118,GBPUSD,2025-07-31 14:00:00,1.32605,1.32688,1.32573,1.32688,0,twelvedata,2025-08-26 19:27:03
3119,GBPUSD,2025-07-31 15:00:00,1.32693,1.32725,1.32656,1.32658,0,twelvedata,2025-08-26 19:27:03
3120,GBPUSD,2025-07-31 16:00:00,1.32637,1.3282,1.32635,1.32799,0,twelvedata,2025-08-26 19:27:03
3121,GBPUSD,2025-07-31 17:00:00,1.32746,1.32784,1.32475,1.32593,0,twelvedata,2025-08-26 19:27:03
3122,GBPUSD,2025-07-31 18:00:00,1.32608,1.32608,1.32406,1.32505,0,twelvedata,2025-08-26 19:27:03
3123,GBPUSD,2025-07-31 19:00:00,1.32507,1.32507,1.32322,1.32329,0,twelvedata,2025-08-26 19:27:03
3124,GBPUSD,2025-07-31 20:00:00,1.32293,1.3234,1.32102,1.32259,0,twelvedata,2025-08-26 19:27:03
3125,GBPUSD,2025-07-31 21:00:00,1.32286,1.32415,1.3223,1.32415,0,twelvedata,2025-08-26 19:27:03
3126,GBPUSD,2025-07-31 22:00:00,1.32392,1.32405,1.32093,1.3217,0,twelvedata,2025-08-26 19:27:03
3127,GBPUSD,2025-07-31 23:00:00,1.32165,1.32181,1.31888,1.31888,0,twelvedata,2025-08-26 19:27:03
3128,GBPUSD,2025-08-01 00:00:00,1.31891,1.32384,1.31884,1.32335,0,twelvedata,2025-08-26 19:27:03
3129,GBPUSD,2025-08-01 01:00:00,1.32336,1.32363,1.32203,1.32223,0,twelvedata,2025-08-26 19:27:03
3130,GBPUSD,2025-08-01 02:00:00,1.32193,1.32366,1.32193,1.32238,0,twelvedata,2025-08-26 19:27:03
3131,GBPUSD,2025-08-01 03:00:00,1.32224,1.32233,1.32039,1.32039,0,twelvedata,2025-08-26 19:27:03
3132,GBPUSD,2025-08-01 04:00:00,1.32032,1.32244,1.32003,1.32209,0,twelvedata,2025-08-26 19:27:03
3133,GBPUSD,2025-08-01 05:00:00,1.32207,1.32273,1.32078,1.32078,0,twelvedata,2025-08-26 19:27:03
3134,GBPUSD,2025-08-01 06:00:00,1.32059,1.32107,1.3201,1.32078,0,twelvedata,2025-08-26 19:27:03
3135,GBPUSD,2025-08-01 07:00:00,1.32086,1.32233,1.32031,1.32034,0,twelvedata,2025-08-26 19:27:03
3136,GBPUSD,2025-08-01 08:00:00,1.32036,1.32095,1.32036,1.32064,0,twelvedata,2025-08-26 19:27:03
3137,GBPUSD,2025-08-01 09:00:00,1.32052,1.3212,1.31997,1.32081,0,twelvedata,2025-08-26 19:27:03
3138,GBPUSD,2025-08-01 10:00:00,1.32074,1.32137,1.32031,1.32106,0,twelvedata,2025-08-26 19:27:03
3139,GBPUSD,2025-08-01 11:00:00,1.32104,1.32135,1.31937,1.31952,0,twelvedata,2025-08-26 19:27:03
3140,GBPUSD,2025-08-01 12:00:00,1.31968,1.31985,1.31903,1.31949,0,twelvedata,2025-08-26 19:27:03
3141,GBPUSD,2025-08-01 13:00:00,1.31959,1.3205,1.31956,1.32004,0,twelvedata,2025-08-26 19:27:03
3142,GBPUSD,2025-08-01 14:00:00,1.32013,1.32018,1.31949,1.31994,0,twelvedata,2025-08-26 19:27:03
3143,GBPUSD,2025-08-01 15:00:00,1.31977,1.3206,1.3197,1.32034,0,twelvedata,2025-08-26 19:27:03
3144,GBPUSD,2025-08-01 16:00:00,1.32027,1.3213,1.31999,1.32043,0,twelvedata,2025-08-26 19:27:03
3145,GBPUSD,2025-08-01 17:00:00,1.32048,1.32057,1.31877,1.31928,0,twelvedata,2025-08-26 19:27:03
3146,GBPUSD,2025-08-01 18:00:00,1.31947,1.31947,1.31615,1.31615,0,twelvedata,2025-08-26 19:27:03
3147,GBPUSD,2025-08-01 19:00:00,1.31619,1.31671,1.3142,1.31494,0,twelvedata,2025-08-26 19:27:03
3148,GBPUSD,2025-08-01 20:00:00,1.3148,1.3166,1.3148,1.3166,0,twelvedata,2025-08-26 19:27:03
3149,GBPUSD,2025-08-01 21:00:00,1.31667,1.31737,1.31584,1.31584,0,twelvedata,2025-08-26 19:27:03
3150,GBPUSD,2025-08-01 22:00:00,1.31581,1.32973,1.31477,1.32825,0,twelvedata,2025-08-26 19:27:03
3151,GBPUSD,2025-08-01 23:00:00,1.3291,1.33049,1.32649,1.32712,0,twelvedata,2025-08-26 19:27:03
3152,GBPUSD,2025-08-02 00:00:00,1.32837,1.32889,1.32594,1.32622,0,twelvedata,2025-08-26 19:27:03
3153,GBPUSD,2025-08-02 01:00:00,1.32622,1.32719,1.32464,1.32631,0,twelvedata,2025-08-26 19:27:03
3154,GBPUSD,2025-08-02 02:00:00,1.32568,1.32635,1.32429,1.32478,0,twelvedata,2025-08-26 19:27:03
3155,GBPUSD,2025-08-02 03:00:00,1.32461,1.32461,1.32165,1.32277,0,twelvedata,2025-08-26 19:27:03
3156,GBPUSD,2025-08-02 04:00:00,1.3231,1.32501,1.3223,1.32301,0,twelvedata,2025-08-26 19:27:03
3157,GBPUSD,2025-08-02 05:00:00,1.32275,1.32772,1.32263,1.32631,0,twelvedata,2025-08-26 19:27:03
3158,GBPUSD,2025-08-02 06:00:00,1.32626,1.32912,1.32626,1.32799,0,twelvedata,2025-08-26 19:27:03
3159,GBPUSD,2025-08-02 07:00:00,1.32739,1.32739,1.32739,1.32739,0,twelvedata,2025-08-26 19:27:03
3160,GBPUSD,2025-08-04 09:00:00,1.32799,1.32924,1.32772,1.32913,0,twelvedata,2025-08-26 19:27:03
3161,GBPUSD,2025-08-04 10:00:00,1.32935,1.32935,1.32596,1.32615,0,twelvedata,2025-08-26 19:27:03
3162,GBPUSD,2025-08-04 11:00:00,1.32605,1.32772,1.32549,1.32772,0,twelvedata,2025-08-26 19:27:03
3163,GBPUSD,2025-08-04 12:00:00,1.32807,1.32848,1.32746,1.32822,0,twelvedata,2025-08-26 19:27:03
3164,GBPUSD,2025-08-04 13:00:00,1.32827,1.32899,1.32827,1.32834,0,twelvedata,2025-08-26 19:27:03
3165,GBPUSD,2025-08-04 14:00:00,1.32836,1.32885,1.3279,1.3279,0,twelvedata,2025-08-26 19:27:03
3166,GBPUSD,2025-08-04 15:00:00,1.32772,1.32836,1.32712,1.3276,0,twelvedata,2025-08-26 19:27:03
3167,GBPUSD,2025-08-04 16:00:00,1.32746,1.32904,1.32707,1.32853,0,twelvedata,2025-08-26 19:27:03
3168,GBPUSD,2025-08-04 17:00:00,1.3282,1.32853,1.32644,1.32776,0,twelvedata,2025-08-26 19:27:03
3169,GBPUSD,2025-08-04 18:00:00,1.32758,1.32799,1.32666,1.32781,0,twelvedata,2025-08-26 19:27:03
3170,GBPUSD,2025-08-04 19:00:00,1.32788,1.33055,1.32767,1.32933,0,twelvedata,2025-08-26 19:27:03
3171,GBPUSD,2025-08-04 20:00:00,1.32931,1.32979,1.32718,1.32965,0,twelvedata,2025-08-26 19:27:03
3172,GBPUSD,2025-08-04 21:00:00,1.32993,1.33138,1.32913,1.3295,0,twelvedata,2025-08-26 19:27:03
3173,GBPUSD,2025-08-04 22:00:00,1.32935,1.33122,1.32846,1.32977,0,twelvedata,2025-08-26 19:27:03
3174,GBPUSD,2025-08-04 23:00:00,1.32984,1.33115,1.32984,1.33023,0,twelvedata,2025-08-26 19:27:03
3175,GBPUSD,2025-08-05 00:00:00,1.33012,1.33305,1.32903,1.32935,0,twelvedata,2025-08-26 19:27:03
3176,GBPUSD,2025-08-05 01:00:00,1.32912,1.32988,1.32804,1.32883,0,twelvedata,2025-08-26 19:27:03
3177,GBPUSD,2025-08-05 02:00:00,1.32922,1.32922,1.32799,1.3286,0,twelvedata,2025-08-26 19:27:03
3178,GBPUSD,2025-08-05 03:00:00,1.32843,1.32866,1.32772,1.32822,0,twelvedata,2025-08-26 19:27:03
3179,GBPUSD,2025-08-05 04:00:00,1.32827,1.3286,1.32739,1.32758,0,twelvedata,2025-08-26 19:27:03
3180,GBPUSD,2025-08-05 05:00:00,1.3279,1.32814,1.32721,1.32749,0,twelvedata,2025-08-26 19:27:03
3181,GBPUSD,2025-08-05 06:00:00,1.3276,1.32892,1.32756,1.32848,0,twelvedata,2025-08-26 19:27:03
3182,GBPUSD,2025-08-05 07:00:00,1.32846,1.32965,1.32823,1.32823,0,twelvedata,2025-08-26 19:27:03
3183,GBPUSD,2025-08-05 08:00:00,1.32853,1.32949,1.32853,1.32929,0,twelvedata,2025-08-26 19:27:03
3184,GBPUSD,2025-08-05 09:00:00,1.32938,1.33003,1.32933,1.3298,0,twelvedata,2025-08-26 19:27:03
3185,GBPUSD,2025-08-05 10:00:00,1.32988,1.33034,1.3291,1.32991,0,twelvedata,2025-08-26 19:27:03
3186,GBPUSD,2025-08-05 11:00:00,1.32991,1.32995,1.32885,1.32901,0,twelvedata,2025-08-26 19:27:03
3187,GBPUSD,2025-08-05 12:00:00,1.3289,1.3289,1.32814,1.32839,0,twelvedata,2025-08-26 19:27:03
3188,GBPUSD,2025-08-05 13:00:00,1.32841,1.32855,1.32772,1.32776,0,twelvedata,2025-08-26 19:27:03
3189,GBPUSD,2025-08-05 14:00:00,1.32767,1.32874,1.32762,1.32862,0,twelvedata,2025-08-26 19:27:03
3190,GBPUSD,2025-08-05 15:00:00,1.32857,1.32857,1.32723,1.32756,0,twelvedata,2025-08-26 19:27:03
3191,GBPUSD,2025-08-05 16:00:00,1.32744,1.32913,1.32737,1.328,0,twelvedata,2025-08-26 19:27:03
3192,GBPUSD,2025-08-05 17:00:00,1.32814,1.32954,1.32637,1.32732,0,twelvedata,2025-08-26 19:27:03
3193,GBPUSD,2025-08-05 18:00:00,1.32702,1.32887,1.32679,1.32788,0,twelvedata,2025-08-26 19:27:03
3194,GBPUSD,2025-08-05 19:00:00,1.3279,1.32942,1.32784,1.32913,0,twelvedata,2025-08-26 19:27:03
3195,GBPUSD,2025-08-05 20:00:00,1.32897,1.32942,1.32837,1.32876,0,twelvedata,2025-08-26 19:27:03
3196,GBPUSD,2025-08-05 21:00:00,1.32846,1.32848,1.3267,1.32809,0,twelvedata,2025-08-26 19:27:03
3197,GBPUSD,2025-08-05 22:00:00,1.32799,1.32894,1.32725,1.32822,0,twelvedata,2025-08-26 19:27:03
3198,GBPUSD,2025-08-05 23:00:00,1.32832,1.32943,1.32707,1.32739,0,twelvedata,2025-08-26 19:27:03
3199,GBPUSD,2025-08-06 00:00:00,1.3289,1.32906,1.32702,1.32906,0,twelvedata,2025-08-26 19:27:03
3200,GBPUSD,2025-08-06 01:00:00,1.32906,1.3309,1.32906,1.33076,0,twelvedata,2025-08-26 19:27:03
3201,GBPUSD,2025-08-06 02:00:00,1.3309,1.33163,1.33051,1.33094,0,twelvedata,2025-08-26 19:27:03
3202,GBPUSD,2025-08-06 03:00:00,1.33101,1.33152,1.33028,1.33048,0,twelvedata,2025-08-26 19:27:03
3203,GBPUSD,2025-08-06 04:00:00,1.33058,1.33058,1.3292,1.32956,0,twelvedata,2025-08-26 19:27:03
3204,GBPUSD,2025-08-06 05:00:00,1.32952,1.3297,1.32901,1.32963,0,twelvedata,2025-08-26 19:27:03
3205,GBPUSD,2025-08-06 06:00:00,1.3297,1.33021,1.32931,1.32966,0,twelvedata,2025-08-26 19:27:03
3206,GBPUSD,2025-08-06 07:00:00,1.32913,1.32996,1.32913,1.32988,0,twelvedata,2025-08-26 19:27:03
3207,GBPUSD,2025-08-06 08:00:00,1.32979,1.3298,1.32926,1.3298,0,twelvedata,2025-08-26 19:27:03
3208,GBPUSD,2025-08-06 09:00:00,1.32968,1.33014,1.32959,1.32993,0,twelvedata,2025-08-26 19:27:03
3209,GBPUSD,2025-08-06 10:00:00,1.32989,1.33058,1.32989,1.33016,0,twelvedata,2025-08-26 19:27:03
3210,GBPUSD,2025-08-06 11:00:00,1.33005,1.33011,1.32958,1.32989,0,twelvedata,2025-08-26 19:27:03
3211,GBPUSD,2025-08-06 12:00:00,1.32979,1.33044,1.3297,1.33009,0,twelvedata,2025-08-26 19:27:03
3212,GBPUSD,2025-08-06 13:00:00,1.3303,1.33104,1.33014,1.33099,0,twelvedata,2025-08-26 19:27:03
3213,GBPUSD,2025-08-06 14:00:00,1.33099,1.33145,1.33087,1.33122,0,twelvedata,2025-08-26 19:27:03
3214,GBPUSD,2025-08-06 15:00:00,1.33108,1.3312,1.33028,1.33065,0,twelvedata,2025-08-26 19:27:03
3215,GBPUSD,2025-08-06 16:00:00,1.33049,1.33092,1.33016,1.33025,0,twelvedata,2025-08-26 19:27:03
3216,GBPUSD,2025-08-06 17:00:00,1.33014,1.33034,1.32912,1.33034,0,twelvedata,2025-08-26 19:27:03
3217,GBPUSD,2025-08-06 18:00:00,1.33014,1.33016,1.32836,1.32843,0,twelvedata,2025-08-26 19:27:03
3218,GBPUSD,2025-08-06 19:00:00,1.32843,1.33014,1.32843,1.32995,0,twelvedata,2025-08-26 19:27:03
3219,GBPUSD,2025-08-06 20:00:00,1.32965,1.33227,1.32965,1.33186,0,twelvedata,2025-08-26 19:27:03
3220,GBPUSD,2025-08-06 21:00:00,1.33152,1.33303,1.33127,1.33186,0,twelvedata,2025-08-26 19:27:03
3221,GBPUSD,2025-08-06 22:00:00,1.33184,1.33197,1.33088,1.33175,0,twelvedata,2025-08-26 19:27:03
3222,GBPUSD,2025-08-06 23:00:00,1.3322,1.33292,1.33154,1.33252,0,twelvedata,2025-08-26 19:27:03
3223,GBPUSD,2025-08-07 00:00:00,1.33223,1.33323,1.33142,1.33308,0,twelvedata,2025-08-26 19:27:03
3224,GBPUSD,2025-08-07 01:00:00,1.33296,1.33588,1.33296,1.33588,0,twelvedata,2025-08-26 19:27:03
3225,GBPUSD,2025-08-07 02:00:00,1.33579,1.33627,1.33442,1.33476,0,twelvedata,2025-08-26 19:27:03
3226,GBPUSD,2025-08-07 03:00:00,1.3349,1.33604,1.33488,1.33554,0,twelvedata,2025-08-26 19:27:03
3227,GBPUSD,2025-08-07 04:00:00,1.33559,1.33681,1.33559,1.33643,0,twelvedata,2025-08-26 19:27:03
3228,GBPUSD,2025-08-07 05:00:00,1.33634,1.33659,1.33565,1.33572,0,twelvedata,2025-08-26 19:27:03
3229,GBPUSD,2025-08-07 06:00:00,1.33583,1.33604,1.33542,1.33565,0,twelvedata,2025-08-26 19:27:03
3230,GBPUSD,2025-08-07 07:00:00,1.33567,1.3359,1.33529,1.33565,0,twelvedata,2025-08-26 19:27:03
3231,GBPUSD,2025-08-07 08:00:00,1.33606,1.33608,1.33574,1.33588,0,twelvedata,2025-08-26 19:27:03
3232,GBPUSD,2025-08-07 09:00:00,1.33577,1.33606,1.33574,1.33579,0,twelvedata,2025-08-26 19:27:03
3233,GBPUSD,2025-08-07 10:00:00,1.33567,1.33567,1.33477,1.33483,0,twelvedata,2025-08-26 19:27:03
3234,GBPUSD,2025-08-07 11:00:00,1.33476,1.33593,1.33472,1.33559,0,twelvedata,2025-08-26 19:27:03
3235,GBPUSD,2025-08-07 12:00:00,1.33572,1.33606,1.33506,1.33529,0,twelvedata,2025-08-26 19:27:03
3236,GBPUSD,2025-08-07 13:00:00,1.33527,1.33613,1.33494,1.33613,0,twelvedata,2025-08-26 19:27:03
3237,GBPUSD,2025-08-07 14:00:00,1.3359,1.33695,1.3359,1.33681,0,twelvedata,2025-08-26 19:27:03
3238,GBPUSD,2025-08-07 15:00:00,1.33701,1.3371,1.33643,1.33708,0,twelvedata,2025-08-26 19:27:03
3239,GBPUSD,2025-08-07 16:00:00,1.33711,1.33774,1.33667,1.33742,0,twelvedata,2025-08-26 19:27:03
3240,GBPUSD,2025-08-07 17:00:00,1.33743,1.33797,1.33693,1.33751,0,twelvedata,2025-08-26 19:27:03
3241,GBPUSD,2025-08-07 18:00:00,1.3376,1.33799,1.33645,1.33706,0,twelvedata,2025-08-26 19:27:03
3242,GBPUSD,2025-08-07 19:00:00,1.33715,1.33729,1.33663,1.33702,0,twelvedata,2025-08-26 19:27:03
3243,GBPUSD,2025-08-07 20:00:00,1.33677,1.33799,1.33659,1.33799,0,twelvedata,2025-08-26 19:27:03
3244,GBPUSD,2025-08-07 21:00:00,1.34061,1.34295,1.33976,1.34135,0,twelvedata,2025-08-26 19:27:03
3245,GBPUSD,2025-08-07 22:00:00,1.34135,1.34362,1.34135,1.34223,0,twelvedata,2025-08-26 19:27:03
3246,GBPUSD,2025-08-07 23:00:00,1.3423,1.34306,1.34169,1.34248,0,twelvedata,2025-08-26 19:27:03
3247,GBPUSD,2025-08-08 00:00:00,1.34253,1.34255,1.33973,1.34041,0,twelvedata,2025-08-26 19:27:03
3248,GBPUSD,2025-08-08 01:00:00,1.34028,1.34335,1.33923,1.34318,0,twelvedata,2025-08-26 19:27:03
3249,GBPUSD,2025-08-08 02:00:00,1.34327,1.34333,1.3425,1.34304,0,twelvedata,2025-08-26 19:27:03
3250,GBPUSD,2025-08-08 03:00:00,1.34295,1.34327,1.34199,1.34207,0,twelvedata,2025-08-26 19:27:03
3251,GBPUSD,2025-08-08 04:00:00,1.34216,1.34246,1.34046,1.34106,0,twelvedata,2025-08-26 19:27:03
3252,GBPUSD,2025-08-08 05:00:00,1.34097,1.34439,1.34081,1.34432,0,twelvedata,2025-08-26 19:27:03
3253,GBPUSD,2025-08-08 06:00:00,1.34445,1.3449,1.34421,1.34456,0,twelvedata,2025-08-26 19:27:03
3254,GBPUSD,2025-08-08 07:00:00,1.34306,1.34481,1.34306,1.34423,0,twelvedata,2025-08-26 19:27:03
3255,GBPUSD,2025-08-08 08:00:00,1.34414,1.34501,1.34405,1.34479,0,twelvedata,2025-08-26 19:27:03
3256,GBPUSD,2025-08-08 09:00:00,1.34486,1.3453,1.34477,1.34512,0,twelvedata,2025-08-26 19:27:03
3257,GBPUSD,2025-08-08 10:00:00,1.34523,1.34523,1.34443,1.34479,0,twelvedata,2025-08-26 19:27:03
3258,GBPUSD,2025-08-08 11:00:00,1.34488,1.34508,1.34349,1.34383,0,twelvedata,2025-08-26 19:27:03
3259,GBPUSD,2025-08-08 12:00:00,1.3438,1.34452,1.3438,1.34427,0,twelvedata,2025-08-26 19:27:03
3260,GBPUSD,2025-08-08 13:00:00,1.34434,1.34434,1.34371,1.34385,0,twelvedata,2025-08-26 19:27:03
3261,GBPUSD,2025-08-08 14:00:00,1.34407,1.34407,1.34356,1.34363,0,twelvedata,2025-08-26 19:27:03
3262,GBPUSD,2025-08-08 15:00:00,1.3436,1.34371,1.34266,1.34266,0,twelvedata,2025-08-26 19:27:03
3263,GBPUSD,2025-08-08 16:00:00,1.34273,1.34322,1.34255,1.34302,0,twelvedata,2025-08-26 19:27:03
3264,GBPUSD,2025-08-08 17:00:00,1.34297,1.34485,1.34297,1.34428,0,twelvedata,2025-08-26 19:27:03
3265,GBPUSD,2025-08-08 18:00:00,1.34434,1.34508,1.34295,1.34345,0,twelvedata,2025-08-26 19:27:03
3266,GBPUSD,2025-08-08 19:00:00,1.34362,1.34528,1.34349,1.34486,0,twelvedata,2025-08-26 19:27:03
3267,GBPUSD,2025-08-08 20:00:00,1.34452,1.34485,1.34333,1.34419,0,twelvedata,2025-08-26 19:27:03
3268,GBPUSD,2025-08-08 21:00:00,1.3443,1.34515,1.34387,1.34407,0,twelvedata,2025-08-26 19:27:03
3269,GBPUSD,2025-08-08 22:00:00,1.3441,1.3441,1.3419,1.34235,0,twelvedata,2025-08-26 19:27:03
3270,GBPUSD,2025-08-08 23:00:00,1.34255,1.34421,1.34255,1.343,0,twelvedata,2025-08-26 19:27:03
3271,GBPUSD,2025-08-09 00:00:00,1.34289,1.34468,1.34289,1.34387,0,twelvedata,2025-08-26 19:27:03
3272,GBPUSD,2025-08-09 01:00:00,1.34376,1.34553,1.34376,1.34436,0,twelvedata,2025-08-26 19:27:03
3273,GBPUSD,2025-08-09 02:00:00,1.34425,1.34479,1.34391,1.34477,0,twelvedata,2025-08-26 19:27:03
3274,GBPUSD,2025-08-09 03:00:00,1.34474,1.34582,1.34456,1.34564,0,twelvedata,2025-08-26 19:27:03
3275,GBPUSD,2025-08-09 04:00:00,1.34515,1.34561,1.34465,1.34541,0,twelvedata,2025-08-26 19:27:03
3276,GBPUSD,2025-08-09 05:00:00,1.34526,1.34533,1.34443,1.34513,0,twelvedata,2025-08-26 19:27:03
3277,GBPUSD,2025-08-09 06:00:00,1.34512,1.34535,1.34456,1.34524,0,twelvedata,2025-08-26 19:27:03
3278,GBPUSD,2025-08-09 07:00:00,1.34501,1.34501,1.34452,1.34501,0,twelvedata,2025-08-26 19:27:03
3279,GBPUSD,2025-08-09 08:00:00,1.34452,1.34452,1.34452,1.34452,0,twelvedata,2025-08-26 19:27:03
3280,GBPUSD,2025-08-11 09:00:00,1.34445,1.34477,1.34419,1.3443,0,twelvedata,2025-08-26 19:27:03
3281,GBPUSD,2025-08-11 10:00:00,1.34438,1.34457,1.34378,1.34427,0,twelvedata,2025-08-26 19:27:03
3282,GBPUSD,2025-08-11 11:00:00,1.34434,1.34513,1.34416,1.34513,0,twelvedata,2025-08-26 19:27:03
3283,GBPUSD,2025-08-11 12:00:00,1.34537,1.34591,1.34537,1.34564,0,twelvedata,2025-08-26 19:27:03
3284,GBPUSD,2025-08-11 13:00:00,1.34559,1.34666,1.34555,1.34657,0,twelvedata,2025-08-26 19:27:03
3285,GBPUSD,2025-08-11 14:00:00,1.34669,1.34684,1.3464,1.34666,0,twelvedata,2025-08-26 19:27:03
3286,GBPUSD,2025-08-11 15:00:00,1.34658,1.34691,1.34638,1.34686,0,twelvedata,2025-08-26 19:27:03
3287,GBPUSD,2025-08-11 16:00:00,1.34716,1.34758,1.34658,1.34686,0,twelvedata,2025-08-26 19:27:03
3288,GBPUSD,2025-08-11 17:00:00,1.34671,1.34671,1.3449,1.34544,0,twelvedata,2025-08-26 19:27:03
3289,GBPUSD,2025-08-11 18:00:00,1.34544,1.34669,1.34533,1.34655,0,twelvedata,2025-08-26 19:27:03
3290,GBPUSD,2025-08-11 19:00:00,1.34649,1.3468,1.34497,1.34539,0,twelvedata,2025-08-26 19:27:03
3291,GBPUSD,2025-08-11 20:00:00,1.34504,1.34586,1.34463,1.34468,0,twelvedata,2025-08-26 19:27:03
3292,GBPUSD,2025-08-11 21:00:00,1.3445,1.34474,1.34264,1.34304,0,twelvedata,2025-08-26 19:27:03
3293,GBPUSD,2025-08-11 22:00:00,1.34327,1.34327,1.34138,1.34232,0,twelvedata,2025-08-26 19:27:03
3294,GBPUSD,2025-08-11 23:00:00,1.34235,1.3427,1.34205,1.34212,0,twelvedata,2025-08-26 19:27:03
3295,GBPUSD,2025-08-12 00:00:00,1.34203,1.34203,1.34016,1.34077,0,twelvedata,2025-08-26 19:27:03
3296,GBPUSD,2025-08-12 01:00:00,1.34077,1.34171,1.34028,1.34154,0,twelvedata,2025-08-26 19:27:03
3297,GBPUSD,2025-08-12 02:00:00,1.34154,1.34261,1.34154,1.34244,0,twelvedata,2025-08-26 19:27:03
3298,GBPUSD,2025-08-12 03:00:00,1.34243,1.3432,1.34183,1.34309,0,twelvedata,2025-08-26 19:27:03
3299,GBPUSD,2025-08-12 04:00:00,1.34306,1.34365,1.34289,1.34356,0,twelvedata,2025-08-26 19:27:03
3300,GBPUSD,2025-08-12 05:00:00,1.34351,1.34351,1.34241,1.34282,0,twelvedata,2025-08-26 19:27:03
3301,GBPUSD,2025-08-12 06:00:00,1.34282,1.34365,1.34279,1.34309,0,twelvedata,2025-08-26 19:27:03
3302,GBPUSD,2025-08-12 07:00:00,1.34266,1.34376,1.34235,1.34318,0,twelvedata,2025-08-26 19:27:03
3303,GBPUSD,2025-08-12 08:00:00,1.34338,1.34344,1.34295,1.34344,0,twelvedata,2025-08-26 19:27:03
3304,GBPUSD,2025-08-12 09:00:00,1.34344,1.34356,1.34317,1.34354,0,twelvedata,2025-08-26 19:27:03
3305,GBPUSD,2025-08-12 10:00:00,1.3434,1.34374,1.34293,1.34308,0,twelvedata,2025-08-26 19:27:03
3306,GBPUSD,2025-08-12 11:00:00,1.34311,1.34392,1.34286,1.34318,0,twelvedata,2025-08-26 19:27:03
3307,GBPUSD,2025-08-12 12:00:00,1.34318,1.34383,1.343,1.34383,0,twelvedata,2025-08-26 19:27:03
3308,GBPUSD,2025-08-12 13:00:00,1.34387,1.34394,1.3432,1.34327,0,twelvedata,2025-08-26 19:27:03
3309,GBPUSD,2025-08-12 14:00:00,1.34317,1.34394,1.34271,1.34394,0,twelvedata,2025-08-26 19:27:03
3310,GBPUSD,2025-08-12 15:00:00,1.34401,1.34401,1.34217,1.34255,0,twelvedata,2025-08-26 19:27:03
3311,GBPUSD,2025-08-12 16:00:00,1.34351,1.34452,1.34322,1.34345,0,twelvedata,2025-08-26 19:27:03
3312,GBPUSD,2025-08-12 17:00:00,1.34327,1.34602,1.34327,1.34582,0,twelvedata,2025-08-26 19:27:03
3313,GBPUSD,2025-08-12 18:00:00,1.34577,1.34704,1.34485,1.34698,0,twelvedata,2025-08-26 19:27:03
3314,GBPUSD,2025-08-12 19:00:00,1.34718,1.34718,1.34532,1.346,0,twelvedata,2025-08-26 19:27:03
3315,GBPUSD,2025-08-12 20:00:00,1.34595,1.34637,1.34568,1.34568,0,twelvedata,2025-08-26 19:27:03
3316,GBPUSD,2025-08-12 21:00:00,1.34579,1.34593,1.34474,1.34568,0,twelvedata,2025-08-26 19:27:03
3317,GBPUSD,2025-08-12 22:00:00,1.34597,1.35086,1.34586,1.34858,0,twelvedata,2025-08-26 19:27:03
3318,GBPUSD,2025-08-12 23:00:00,1.34856,1.34938,1.34653,1.34909,0,twelvedata,2025-08-26 19:27:03
3319,GBPUSD,2025-08-13 00:00:00,1.34916,1.34976,1.34802,1.34889,0,twelvedata,2025-08-26 19:27:03
3320,GBPUSD,2025-08-13 01:00:00,1.3488,1.35236,1.34876,1.35077,0,twelvedata,2025-08-26 19:27:03
3321,GBPUSD,2025-08-13 02:00:00,1.35082,1.35212,1.35018,1.35164,0,twelvedata,2025-08-26 19:27:03
3322,GBPUSD,2025-08-13 03:00:00,1.35152,1.35152,1.35077,1.35079,0,twelvedata,2025-08-26 19:27:03
3323,GBPUSD,2025-08-13 04:00:00,1.35035,1.35115,1.34938,1.34964,0,twelvedata,2025-08-26 19:27:03
3324,GBPUSD,2025-08-13 05:00:00,1.34973,1.34973,1.34893,1.34947,0,twelvedata,2025-08-26 19:27:03
3325,GBPUSD,2025-08-13 06:00:00,1.34958,1.35013,1.34933,1.35007,0,twelvedata,2025-08-26 19:27:03
3326,GBPUSD,2025-08-13 07:00:00,1.34982,1.35144,1.34973,1.35011,0,twelvedata,2025-08-26 19:27:03
3327,GBPUSD,2025-08-13 08:00:00,1.35009,1.35018,1.34991,1.35009,0,twelvedata,2025-08-26 19:27:03
3328,GBPUSD,2025-08-13 09:00:00,1.35007,1.3506,1.34995,1.35044,0,twelvedata,2025-08-26 19:27:03
3329,GBPUSD,2025-08-13 10:00:00,1.35066,1.35068,1.34986,1.35029,0,twelvedata,2025-08-26 19:27:03
3330,GBPUSD,2025-08-13 11:00:00,1.35051,1.35079,1.34982,1.34991,0,twelvedata,2025-08-26 19:27:03
3331,GBPUSD,2025-08-13 12:00:00,1.34993,1.35049,1.34938,1.35038,0,twelvedata,2025-08-26 19:27:03
3332,GBPUSD,2025-08-13 13:00:00,1.35026,1.35071,1.35011,1.3504,0,twelvedata,2025-08-26 19:27:03
3333,GBPUSD,2025-08-13 14:00:00,1.35024,1.35064,1.35022,1.35053,0,twelvedata,2025-08-26 19:27:03
3334,GBPUSD,2025-08-13 15:00:00,1.35053,1.35075,1.35002,1.35075,0,twelvedata,2025-08-26 19:27:03
3335,GBPUSD,2025-08-13 16:00:00,1.35111,1.35172,1.35073,1.35166,0,twelvedata,2025-08-26 19:27:03
3336,GBPUSD,2025-08-13 17:00:00,1.3517,1.35481,1.3517,1.35459,0,twelvedata,2025-08-26 19:27:03
3337,GBPUSD,2025-08-13 18:00:00,1.35466,1.3563,1.35441,1.3558,0,twelvedata,2025-08-26 19:27:03
3338,GBPUSD,2025-08-13 19:00:00,1.35569,1.35774,1.35569,1.35766,0,twelvedata,2025-08-26 19:27:03
3339,GBPUSD,2025-08-13 20:00:00,1.35787,1.35787,1.35682,1.357,0,twelvedata,2025-08-26 19:27:03
3340,GBPUSD,2025-08-13 21:00:00,1.35665,1.35779,1.35654,1.35772,0,twelvedata,2025-08-26 19:27:03
3341,GBPUSD,2025-08-13 22:00:00,1.35781,1.35801,1.35602,1.35612,0,twelvedata,2025-08-26 19:27:03
3342,GBPUSD,2025-08-13 23:00:00,1.35613,1.35775,1.35579,1.3575,0,twelvedata,2025-08-26 19:27:03
3343,GBPUSD,2025-08-14 00:00:00,1.35739,1.35853,1.3572,1.35731,0,twelvedata,2025-08-26 19:27:03
3344,GBPUSD,2025-08-14 01:00:00,1.35729,1.35757,1.35637,1.35718,0,twelvedata,2025-08-26 19:27:03
3345,GBPUSD,2025-08-14 02:00:00,1.35707,1.3579,1.35704,1.3574,0,twelvedata,2025-08-26 19:27:03
3346,GBPUSD,2025-08-14 03:00:00,1.35739,1.35772,1.35689,1.35709,0,twelvedata,2025-08-26 19:27:03
3347,GBPUSD,2025-08-14 04:00:00,1.35707,1.35715,1.35643,1.35674,0,twelvedata,2025-08-26 19:27:03
3348,GBPUSD,2025-08-14 05:00:00,1.35658,1.35748,1.35654,1.35748,0,twelvedata,2025-08-26 19:27:03
3349,GBPUSD,2025-08-14 06:00:00,1.3575,1.35812,1.35733,1.35757,0,twelvedata,2025-08-26 19:27:03
3350,GBPUSD,2025-08-14 07:00:00,1.35728,1.35799,1.35693,1.3574,0,twelvedata,2025-08-26 19:27:03
3351,GBPUSD,2025-08-14 08:00:00,1.35766,1.35807,1.35763,1.35805,0,twelvedata,2025-08-26 19:27:03
3352,GBPUSD,2025-08-14 09:00:00,1.35801,1.35857,1.35799,1.35855,0,twelvedata,2025-08-26 19:27:03
3353,GBPUSD,2025-08-14 10:00:00,1.35864,1.35866,1.35818,1.35862,0,twelvedata,2025-08-26 19:27:03
3354,GBPUSD,2025-08-14 11:00:00,1.35879,1.35916,1.35838,1.35838,0,twelvedata,2025-08-26 19:27:03
3355,GBPUSD,2025-08-14 12:00:00,1.3582,1.35846,1.35737,1.35783,0,twelvedata,2025-08-26 19:27:03
3356,GBPUSD,2025-08-14 13:00:00,1.3577,1.3577,1.35717,1.35744,0,twelvedata,2025-08-26 19:27:03
3357,GBPUSD,2025-08-14 14:00:00,1.3574,1.35783,1.35729,1.35764,0,twelvedata,2025-08-26 19:27:03
3358,GBPUSD,2025-08-14 15:00:00,1.35753,1.35772,1.35696,1.3574,0,twelvedata,2025-08-26 19:27:03
3359,GBPUSD,2025-08-14 16:00:00,1.35849,1.3591,1.35748,1.35788,0,twelvedata,2025-08-26 19:27:03
3360,GBPUSD,2025-08-14 17:00:00,1.35807,1.35916,1.35704,1.35737,0,twelvedata,2025-08-26 19:27:03
3361,GBPUSD,2025-08-14 18:00:00,1.35742,1.35833,1.35652,1.35728,0,twelvedata,2025-08-26 19:27:03
3362,GBPUSD,2025-08-14 19:00:00,1.35724,1.3591,1.35709,1.35794,0,twelvedata,2025-08-26 19:27:03
3363,GBPUSD,2025-08-14 20:00:00,1.35772,1.35945,1.35761,1.35816,0,twelvedata,2025-08-26 19:27:03
3364,GBPUSD,2025-08-14 21:00:00,1.35801,1.35836,1.35746,1.35748,0,twelvedata,2025-08-26 19:27:03
3365,GBPUSD,2025-08-14 22:00:00,1.3574,1.35822,1.3547,1.35522,0,twelvedata,2025-08-26 19:27:03
3366,GBPUSD,2025-08-14 23:00:00,1.35523,1.35558,1.35366,1.35366,0,twelvedata,2025-08-26 19:27:03
3367,GBPUSD,2025-08-15 00:00:00,1.35367,1.35567,1.35355,1.35562,0,twelvedata,2025-08-26 19:27:03
3368,GBPUSD,2025-08-15 01:00:00,1.35567,1.35567,1.35285,1.35314,0,twelvedata,2025-08-26 19:27:03
3369,GBPUSD,2025-08-15 02:00:00,1.35302,1.35316,1.35225,1.35237,0,twelvedata,2025-08-26 19:27:03
3370,GBPUSD,2025-08-15 03:00:00,1.35259,1.35336,1.35258,1.35325,0,twelvedata,2025-08-26 19:27:03
3371,GBPUSD,2025-08-15 04:00:00,1.35331,1.3534,1.35259,1.35325,0,twelvedata,2025-08-26 19:27:03
3372,GBPUSD,2025-08-15 05:00:00,1.35345,1.35399,1.35331,1.35384,0,twelvedata,2025-08-26 19:27:03
3373,GBPUSD,2025-08-15 06:00:00,1.35371,1.35386,1.35302,1.35302,0,twelvedata,2025-08-26 19:27:03
3374,GBPUSD,2025-08-15 07:00:00,1.35373,1.35384,1.35283,1.35307,0,twelvedata,2025-08-26 19:27:03
3375,GBPUSD,2025-08-15 08:00:00,1.35296,1.35329,1.3528,1.35292,0,twelvedata,2025-08-26 19:27:03
3376,GBPUSD,2025-08-15 09:00:00,1.35274,1.35316,1.35252,1.35303,0,twelvedata,2025-08-26 19:27:03
3377,GBPUSD,2025-08-15 10:00:00,1.35289,1.35351,1.35281,1.35349,0,twelvedata,2025-08-26 19:27:03
3378,GBPUSD,2025-08-15 11:00:00,1.35336,1.35402,1.35316,1.35371,0,twelvedata,2025-08-26 19:27:03
3379,GBPUSD,2025-08-15 12:00:00,1.35382,1.35446,1.3536,1.35446,0,twelvedata,2025-08-26 19:27:03
3380,GBPUSD,2025-08-15 13:00:00,1.35452,1.35512,1.35435,1.35476,0,twelvedata,2025-08-26 19:27:03
3381,GBPUSD,2025-08-15 14:00:00,1.35483,1.35494,1.35446,1.35487,0,twelvedata,2025-08-26 19:27:03
3382,GBPUSD,2025-08-15 15:00:00,1.35476,1.35529,1.35448,1.35518,0,twelvedata,2025-08-26 19:27:03
3383,GBPUSD,2025-08-15 16:00:00,1.35494,1.35555,1.35441,1.35536,0,twelvedata,2025-08-26 19:27:03
3384,GBPUSD,2025-08-15 17:00:00,1.35542,1.35604,1.35485,1.35562,0,twelvedata,2025-08-26 19:27:03
3385,GBPUSD,2025-08-15 18:00:00,1.3556,1.3558,1.35481,1.35488,0,twelvedata,2025-08-26 19:27:03
3386,GBPUSD,2025-08-15 19:00:00,1.35481,1.35582,1.35466,1.35582,0,twelvedata,2025-08-26 19:27:03
3387,GBPUSD,2025-08-15 20:00:00,1.35567,1.3563,1.35525,1.35593,0,twelvedata,2025-08-26 19:27:03
3388,GBPUSD,2025-08-15 21:00:00,1.35606,1.35645,1.35567,1.35595,0,twelvedata,2025-08-26 19:27:03
3389,GBPUSD,2025-08-15 22:00:00,1.35606,1.35676,1.35479,1.35623,0,twelvedata,2025-08-26 19:27:03
3390,GBPUSD,2025-08-15 23:00:00,1.35645,1.35733,1.35549,1.35663,0,twelvedata,2025-08-26 19:27:03
3391,GBPUSD,2025-08-16 00:00:00,1.35682,1.35717,1.35591,1.35593,0,twelvedata,2025-08-26 19:27:03
3392,GBPUSD,2025-08-16 01:00:00,1.35604,1.35715,1.35602,1.35626,0,twelvedata,2025-08-26 19:27:03
3393,GBPUSD,2025-08-16 02:00:00,1.35626,1.35636,1.35553,1.35579,0,twelvedata,2025-08-26 19:27:03
3394,GBPUSD,2025-08-16 03:00:00,1.35575,1.35593,1.35529,1.35562,0,twelvedata,2025-08-26 19:27:03
3395,GBPUSD,2025-08-16 04:00:00,1.35562,1.35577,1.35525,1.35547,0,twelvedata,2025-08-26 19:27:03
3396,GBPUSD,2025-08-16 05:00:00,1.35533,1.3556,1.35509,1.3556,0,twelvedata,2025-08-26 19:27:03
3397,GBPUSD,2025-08-16 06:00:00,1.35555,1.3559,1.35542,1.35542,0,twelvedata,2025-08-26 19:27:03
3398,GBPUSD,2025-08-16 07:00:00,1.35544,1.35544,1.35454,1.35454,0,twelvedata,2025-08-26 19:27:03
3399,GBPUSD,2025-08-16 08:00:00,1.35454,1.35454,1.35454,1.35454,0,twelvedata,2025-08-26 19:27:03
3400,GBPUSD,2025-08-18 09:00:00,1.35621,1.35626,1.35547,1.35559,0,twelvedata,2025-08-26 19:27:03
3401,GBPUSD,2025-08-18 10:00:00,1.35575,1.35617,1.35536,1.35536,0,twelvedata,2025-08-26 19:27:03
3402,GBPUSD,2025-08-18 11:00:00,1.35527,1.35606,1.35509,1.35597,0,twelvedata,2025-08-26 19:27:03
3403,GBPUSD,2025-08-18 12:00:00,1.35597,1.35608,1.35498,1.35505,0,twelvedata,2025-08-26 19:27:03
3404,GBPUSD,2025-08-18 13:00:00,1.35503,1.35579,1.35503,1.35571,0,twelvedata,2025-08-26 19:27:03
3405,GBPUSD,2025-08-18 14:00:00,1.35573,1.35656,1.35564,1.35636,0,twelvedata,2025-08-26 19:27:03
3406,GBPUSD,2025-08-18 15:00:00,1.3563,1.35647,1.35597,1.35626,0,twelvedata,2025-08-26 19:27:03
3407,GBPUSD,2025-08-18 16:00:00,1.3563,1.3563,1.35415,1.35452,0,twelvedata,2025-08-26 19:27:03
3408,GBPUSD,2025-08-18 17:00:00,1.35465,1.35545,1.35397,1.35408,0,twelvedata,2025-08-26 19:27:03
3409,GBPUSD,2025-08-18 18:00:00,1.35399,1.35544,1.35331,1.35477,0,twelvedata,2025-08-26 19:27:03
3410,GBPUSD,2025-08-18 19:00:00,1.3545,1.35505,1.35408,1.35408,0,twelvedata,2025-08-26 19:27:03
3411,GBPUSD,2025-08-18 20:00:00,1.35408,1.35463,1.35378,1.35378,0,twelvedata,2025-08-26 19:27:03
3412,GBPUSD,2025-08-18 21:00:00,1.35397,1.35474,1.35375,1.35382,0,twelvedata,2025-08-26 19:27:03
3413,GBPUSD,2025-08-18 22:00:00,1.35388,1.35441,1.35371,1.35441,0,twelvedata,2025-08-26 19:27:03
3414,GBPUSD,2025-08-18 23:00:00,1.35448,1.35463,1.35377,1.35384,0,twelvedata,2025-08-26 19:27:03
3415,GBPUSD,2025-08-19 00:00:00,1.35388,1.35446,1.3515,1.35177,0,twelvedata,2025-08-26 19:27:03
3416,GBPUSD,2025-08-19 01:00:00,1.35168,1.35232,1.35122,1.35194,0,twelvedata,2025-08-26 19:27:03
3417,GBPUSD,2025-08-19 02:00:00,1.35186,1.35219,1.35091,1.35091,0,twelvedata,2025-08-26 19:27:03
3418,GBPUSD,2025-08-19 03:00:00,1.3511,1.35157,1.35077,1.351,0,twelvedata,2025-08-26 19:27:03
3419,GBPUSD,2025-08-19 04:00:00,1.35093,1.35104,1.35038,1.35064,0,twelvedata,2025-08-26 19:27:03
3420,GBPUSD,2025-08-19 05:00:00,1.35066,1.35124,1.35064,1.35064,0,twelvedata,2025-08-26 19:27:03
3421,GBPUSD,2025-08-19 06:00:00,1.35075,1.3508,1.35029,1.35029,0,twelvedata,2025-08-26 19:27:03
3422,GBPUSD,2025-08-19 07:00:00,1.35281,1.35281,1.35046,1.35099,0,twelvedata,2025-08-26 19:27:03
3423,GBPUSD,2025-08-19 08:00:00,1.35048,1.35148,1.35048,1.35102,0,twelvedata,2025-08-26 19:27:03
3424,GBPUSD,2025-08-19 09:00:00,1.35077,1.35088,1.35014,1.35086,0,twelvedata,2025-08-26 19:27:03
3425,GBPUSD,2025-08-19 10:00:00,1.3508,1.35102,1.35018,1.35022,0,twelvedata,2025-08-26 19:27:03
3426,GBPUSD,2025-08-19 11:00:00,1.35024,1.35038,1.3488,1.34971,0,twelvedata,2025-08-26 19:27:03
3427,GBPUSD,2025-08-19 12:00:00,1.34949,1.35024,1.34949,1.34982,0,twelvedata,2025-08-26 19:27:03
3428,GBPUSD,2025-08-19 13:00:00,1.35006,1.35048,1.3498,1.35011,0,twelvedata,2025-08-26 19:27:03
3429,GBPUSD,2025-08-19 14:00:00,1.35004,1.35068,1.34987,1.35057,0,twelvedata,2025-08-26 19:27:03
3430,GBPUSD,2025-08-19 15:00:00,1.35062,1.351,1.3498,1.34989,0,twelvedata,2025-08-26 19:27:03
3431,GBPUSD,2025-08-19 16:00:00,1.34991,1.35146,1.3498,1.35141,0,twelvedata,2025-08-26 19:27:03
3432,GBPUSD,2025-08-19 17:00:00,1.35161,1.35236,1.35148,1.35212,0,twelvedata,2025-08-26 19:27:03
3433,GBPUSD,2025-08-19 18:00:00,1.3521,1.35232,1.35141,1.35206,0,twelvedata,2025-08-26 19:27:03
3434,GBPUSD,2025-08-19 19:00:00,1.35199,1.35239,1.35117,1.35186,0,twelvedata,2025-08-26 19:27:03
3435,GBPUSD,2025-08-19 20:00:00,1.35177,1.35311,1.35175,1.35221,0,twelvedata,2025-08-26 19:27:03
3436,GBPUSD,2025-08-19 21:00:00,1.35239,1.35261,1.35153,1.35212,0,twelvedata,2025-08-26 19:27:03
3437,GBPUSD,2025-08-19 22:00:00,1.35219,1.35252,1.35051,1.3511,0,twelvedata,2025-08-26 19:27:03
3438,GBPUSD,2025-08-19 23:00:00,1.35102,1.3513,1.34976,1.35104,0,twelvedata,2025-08-26 19:27:03
3439,GBPUSD,2025-08-20 00:00:00,1.35121,1.35161,1.34984,1.35037,0,twelvedata,2025-08-26 19:27:03
3440,GBPUSD,2025-08-20 01:00:00,1.35031,1.35057,1.34918,1.34918,0,twelvedata,2025-08-26 19:27:03
3441,GBPUSD,2025-08-20 02:00:00,1.34944,1.34955,1.34869,1.34911,0,twelvedata,2025-08-26 19:27:03
3442,GBPUSD,2025-08-20 03:00:00,1.34896,1.3496,1.34869,1.34907,0,twelvedata,2025-08-26 19:27:03
3443,GBPUSD,2025-08-20 04:00:00,1.34904,1.34904,1.34782,1.34849,0,twelvedata,2025-08-26 19:27:03
3444,GBPUSD,2025-08-20 05:00:00,1.3486,1.34907,1.34825,1.34891,0,twelvedata,2025-08-26 19:27:03
3445,GBPUSD,2025-08-20 06:00:00,1.34896,1.34935,1.34884,1.34933,0,twelvedata,2025-08-26 19:27:03
3446,GBPUSD,2025-08-20 07:00:00,1.34931,1.34987,1.3486,1.34889,0,twelvedata,2025-08-26 19:27:03
3447,GBPUSD,2025-08-20 08:00:00,1.34902,1.34931,1.349,1.34918,0,twelvedata,2025-08-26 19:27:03
3448,GBPUSD,2025-08-20 09:00:00,1.34916,1.34916,1.34854,1.34854,0,twelvedata,2025-08-26 19:27:03
3449,GBPUSD,2025-08-20 10:00:00,1.34854,1.34858,1.34756,1.34813,0,twelvedata,2025-08-26 19:27:03
3450,GBPUSD,2025-08-20 11:00:00,1.34833,1.34834,1.34711,1.34735,0,twelvedata,2025-08-26 19:27:03
3451,GBPUSD,2025-08-20 12:00:00,1.34718,1.34722,1.34626,1.34675,0,twelvedata,2025-08-26 19:27:03
3452,GBPUSD,2025-08-20 13:00:00,1.34675,1.34769,1.34675,1.34733,0,twelvedata,2025-08-26 19:27:03
3453,GBPUSD,2025-08-20 14:00:00,1.34733,1.34787,1.34733,1.34755,0,twelvedata,2025-08-26 19:27:03
3454,GBPUSD,2025-08-20 15:00:00,1.34755,1.3488,1.34725,1.3486,0,twelvedata,2025-08-26 19:27:03
3455,GBPUSD,2025-08-20 16:00:00,1.34942,1.35088,1.34874,1.34911,0,twelvedata,2025-08-26 19:27:03
3456,GBPUSD,2025-08-20 17:00:00,1.34927,1.35069,1.34913,1.35069,0,twelvedata,2025-08-26 19:27:03
3457,GBPUSD,2025-08-20 18:00:00,1.35075,1.3508,1.34935,1.35026,0,twelvedata,2025-08-26 19:27:03
3458,GBPUSD,2025-08-20 19:00:00,1.35022,1.35057,1.34978,1.3502,0,twelvedata,2025-08-26 19:27:03
3459,GBPUSD,2025-08-20 20:00:00,1.35002,1.35037,1.34911,1.34944,0,twelvedata,2025-08-26 19:27:03
3460,GBPUSD,2025-08-20 21:00:00,1.34964,1.34964,1.34738,1.34738,0,twelvedata,2025-08-26 19:27:03
3461,GBPUSD,2025-08-20 22:00:00,1.34731,1.34955,1.34731,1.34896,0,twelvedata,2025-08-26 19:27:03
3462,GBPUSD,2025-08-20 23:00:00,1.34889,1.34915,1.34718,1.34756,0,twelvedata,2025-08-26 19:27:03
3463,GBPUSD,2025-08-21 00:00:00,1.34771,1.34822,1.34618,1.34729,0,twelvedata,2025-08-26 19:27:03
3464,GBPUSD,2025-08-21 01:00:00,1.34731,1.34736,1.34488,1.34506,0,twelvedata,2025-08-26 19:27:03
3465,GBPUSD,2025-08-21 02:00:00,1.34504,1.34628,1.34504,1.34608,0,twelvedata,2025-08-26 19:27:03
3466,GBPUSD,2025-08-21 03:00:00,1.34611,1.34707,1.346,1.34687,0,twelvedata,2025-08-26 19:27:03
3467,GBPUSD,2025-08-21 04:00:00,1.34678,1.34678,1.34513,1.34526,0,twelvedata,2025-08-26 19:27:03
3468,GBPUSD,2025-08-21 05:00:00,1.34513,1.3457,1.34497,1.34542,0,twelvedata,2025-08-26 19:27:03
3469,GBPUSD,2025-08-21 06:00:00,1.34544,1.3458,1.34504,1.34561,0,twelvedata,2025-08-26 19:27:03
3470,GBPUSD,2025-08-21 07:00:00,1.34506,1.34653,1.34506,1.34573,0,twelvedata,2025-08-26 19:27:03
3471,GBPUSD,2025-08-21 08:00:00,1.34559,1.34584,1.34541,1.34553,0,twelvedata,2025-08-26 19:27:03
3472,GBPUSD,2025-08-21 09:00:00,1.34541,1.34655,1.34504,1.34649,0,twelvedata,2025-08-26 19:27:03
3473,GBPUSD,2025-08-21 10:00:00,1.34647,1.34647,1.3451,1.34561,0,twelvedata,2025-08-26 19:27:03
3474,GBPUSD,2025-08-21 11:00:00,1.3458,1.34633,1.34537,1.34586,0,twelvedata,2025-08-26 19:27:03
3475,GBPUSD,2025-08-21 12:00:00,1.3458,1.34593,1.34503,1.34512,0,twelvedata,2025-08-26 19:27:03
3476,GBPUSD,2025-08-21 13:00:00,1.34508,1.34557,1.34475,1.34532,0,twelvedata,2025-08-26 19:27:03
3477,GBPUSD,2025-08-21 14:00:00,1.34539,1.34546,1.34513,1.34513,0,twelvedata,2025-08-26 19:27:03
3478,GBPUSD,2025-08-21 15:00:00,1.34521,1.34535,1.34483,1.34532,0,twelvedata,2025-08-26 19:27:03
3479,GBPUSD,2025-08-21 16:00:00,1.34521,1.34579,1.3441,1.34441,0,twelvedata,2025-08-26 19:27:03
3480,GBPUSD,2025-08-21 17:00:00,1.34452,1.34571,1.34353,1.34542,0,twelvedata,2025-08-26 19:27:03
3481,GBPUSD,2025-08-21 18:00:00,1.34551,1.34695,1.34519,1.3466,0,twelvedata,2025-08-26 19:27:03
3482,GBPUSD,2025-08-21 19:00:00,1.3466,1.3482,1.34651,1.3476,0,twelvedata,2025-08-26 19:27:03
3483,GBPUSD,2025-08-21 20:00:00,1.3474,1.34751,1.34653,1.34735,0,twelvedata,2025-08-26 19:27:03
3484,GBPUSD,2025-08-21 21:00:00,1.347,1.34744,1.3455,1.3455,0,twelvedata,2025-08-26 19:27:03
3485,GBPUSD,2025-08-21 22:00:00,1.3453,1.3472,1.34432,1.34485,0,twelvedata,2025-08-26 19:27:03
3486,GBPUSD,2025-08-21 23:00:00,1.34481,1.34571,1.34239,1.34261,0,twelvedata,2025-08-26 19:27:03
3487,GBPUSD,2025-08-22 00:00:00,1.34241,1.34423,1.34241,1.34268,0,twelvedata,2025-08-26 19:27:03
3488,GBPUSD,2025-08-22 01:00:00,1.34259,1.343,1.34115,1.3414,0,twelvedata,2025-08-26 19:27:03
3489,GBPUSD,2025-08-22 02:00:00,1.34122,1.34205,1.34061,1.34198,0,twelvedata,2025-08-26 19:27:03
3490,GBPUSD,2025-08-22 03:00:00,1.34192,1.34262,1.3418,1.34232,0,twelvedata,2025-08-26 19:27:03
3491,GBPUSD,2025-08-22 04:00:00,1.34232,1.34243,1.34176,1.34194,0,twelvedata,2025-08-26 19:27:03
3492,GBPUSD,2025-08-22 05:00:00,1.3418,1.34187,1.34131,1.34133,0,twelvedata,2025-08-26 19:27:03
3493,GBPUSD,2025-08-22 06:00:00,1.3412,1.34149,1.34118,1.34127,0,twelvedata,2025-08-26 19:27:03
3494,GBPUSD,2025-08-22 07:00:00,1.34131,1.34178,1.34084,1.3412,0,twelvedata,2025-08-26 19:27:03
3495,GBPUSD,2025-08-22 08:00:00,1.34135,1.34178,1.34133,1.34176,0,twelvedata,2025-08-26 19:27:03
3496,GBPUSD,2025-08-22 09:00:00,1.34172,1.34194,1.34142,1.34178,0,twelvedata,2025-08-26 19:27:03
3497,GBPUSD,2025-08-22 10:00:00,1.34162,1.34201,1.34149,1.34201,0,twelvedata,2025-08-26 19:27:03
3498,GBPUSD,2025-08-22 11:00:00,1.34199,1.34219,1.34079,1.34106,0,twelvedata,2025-08-26 19:27:03
3499,GBPUSD,2025-08-22 12:00:00,1.34091,1.3416,1.34086,1.34115,0,twelvedata,2025-08-26 19:27:03
3500,GBPUSD,2025-08-22 13:00:00,1.34111,1.34133,1.34003,1.34009,0,twelvedata,2025-08-26 19:27:03
3501,GBPUSD,2025-08-22 14:00:00,1.34011,1.34043,1.3393,1.33935,0,twelvedata,2025-08-26 19:27:03
3502,GBPUSD,2025-08-22 15:00:00,1.3393,1.33971,1.33919,1.33939,0,twelvedata,2025-08-26 19:27:03
3503,GBPUSD,2025-08-22 16:00:00,1.33924,1.34037,1.33905,1.34025,0,twelvedata,2025-08-26 19:27:03
3504,GBPUSD,2025-08-22 17:00:00,1.34041,1.34102,1.34032,1.34064,0,twelvedata,2025-08-26 19:27:03
3505,GBPUSD,2025-08-22 18:00:00,1.34055,1.34135,1.34052,1.34135,0,twelvedata,2025-08-26 19:27:03
3506,GBPUSD,2025-08-22 19:00:00,1.34131,1.34189,1.34111,1.3412,0,twelvedata,2025-08-26 19:27:03
3507,GBPUSD,2025-08-22 20:00:00,1.3412,1.34144,1.3407,1.34102,0,twelvedata,2025-08-26 19:27:03
3508,GBPUSD,2025-08-22 21:00:00,1.34108,1.34183,1.34095,1.34151,0,twelvedata,2025-08-26 19:27:03
3509,GBPUSD,2025-08-22 22:00:00,1.34171,1.34196,1.34113,1.34144,0,twelvedata,2025-08-26 19:27:03
3510,GBPUSD,2025-08-22 23:00:00,1.34117,1.34317,1.34117,1.34221,0,twelvedata,2025-08-26 19:27:03
3511,GBPUSD,2025-08-23 00:00:00,1.34658,1.35232,1.34658,1.35232,0,twelvedata,2025-08-26 19:27:03
3512,GBPUSD,2025-08-23 01:00:00,1.35223,1.3543,1.35223,1.35263,0,twelvedata,2025-08-26 19:27:03
3513,GBPUSD,2025-08-23 02:00:00,1.3525,1.35373,1.35225,1.35252,0,twelvedata,2025-08-26 19:27:03
3514,GBPUSD,2025-08-23 03:00:00,1.35259,1.35437,1.35259,1.35362,0,twelvedata,2025-08-26 19:27:03
3515,GBPUSD,2025-08-23 04:00:00,1.35349,1.35384,1.35228,1.35254,0,twelvedata,2025-08-26 19:27:03
3516,GBPUSD,2025-08-23 05:00:00,1.35243,1.35259,1.35166,1.35177,0,twelvedata,2025-08-26 19:27:03
3517,GBPUSD,2025-08-23 06:00:00,1.35173,1.35298,1.35173,1.35267,0,twelvedata,2025-08-26 19:27:03
3518,GBPUSD,2025-08-23 07:00:00,1.35197,1.35211,1.35197,1.35211,0,twelvedata,2025-08-26 19:27:03
3519,GBPUSD,2025-08-23 08:00:00,1.35211,1.35211,1.35211,1.35211,0,twelvedata,2025-08-26 19:27:03
3520,GBPUSD,2025-08-25 09:00:00,1.35175,1.35175,1.35088,1.351,0,twelvedata,2025-08-26 19:27:03
3521,GBPUSD,2025-08-25 10:00:00,1.35077,1.35077,1.3496,1.3498,0,twelvedata,2025-08-26 19:27:03
3522,GBPUSD,2025-08-25 11:00:00,1.34998,1.35018,1.34909,1.34945,0,twelvedata,2025-08-26 19:27:03
3523,GBPUSD,2025-08-25 12:00:00,1.34927,1.35013,1.34918,1.35002,0,twelvedata,2025-08-26 19:27:03
3524,GBPUSD,2025-08-25 13:00:00,1.3502,1.35122,1.3502,1.35115,0,twelvedata,2025-08-26 19:27:03
3525,GBPUSD,2025-08-25 14:00:00,1.35106,1.3515,1.35093,1.35124,0,twelvedata,2025-08-26 19:27:03
3526,GBPUSD,2025-08-25 15:00:00,1.35119,1.35119,1.35077,1.35106,0,twelvedata,2025-08-26 19:27:03
3527,GBPUSD,2025-08-25 16:00:00,1.35133,1.35274,1.3513,1.35199,0,twelvedata,2025-08-26 19:27:03
3528,GBPUSD,2025-08-25 17:00:00,1.35184,1.35184,1.35038,1.35038,0,twelvedata,2025-08-26 19:27:03
3529,GBPUSD,2025-08-25 18:00:00,1.35051,1.35093,1.35007,1.35037,0,twelvedata,2025-08-26 19:27:03
3530,GBPUSD,2025-08-25 19:00:00,1.35033,1.35053,1.34927,1.34953,0,twelvedata,2025-08-26 19:27:03
3531,GBPUSD,2025-08-25 20:00:00,1.3496,1.34962,1.34839,1.34909,0,twelvedata,2025-08-26 19:27:03
3532,GBPUSD,2025-08-25 21:00:00,1.34915,1.35192,1.34913,1.35192,0,twelvedata,2025-08-26 19:27:03
3533,GBPUSD,2025-08-25 22:00:00,1.3521,1.3521,1.34995,1.35058,0,twelvedata,2025-08-26 19:27:03
3534,GBPUSD,2025-08-25 23:00:00,1.35058,1.35128,1.35011,1.35089,0,twelvedata,2025-08-26 19:27:03
3535,GBPUSD,2025-08-26 00:00:00,1.35075,1.35119,1.35022,1.35026,0,twelvedata,2025-08-26 19:27:03
