Datetime,Open,High,Low,Close,Volume,EMA_21,EMA_44,RSI_14,ATR_14,Engulfing_Signal,Price_Position,Volume_Ratio,Label
2023-09-06 16:00:00+00:00,34385.46875,34447.37109,34291.55859,34438.12109,54283218,34633.23659,34646.12066,24.81176028,87.28376116,1,0.2691249735,1.010794187,1
2023-09-08 12:00:00+00:00,34487.41016,34610.67969,34478.19922,34604.67969,0,34555.31596,34592.93109,58.11485139,87.55273438,1,0.4021320892,0,1
2023-09-08 14:00:00+00:00,34605,34627.85156,34555.26172,34589.85156,64649362,34562.65756,34593.35605,69.12091633,82.93219866,-1,0.3830887702,0.9510713643,0
2023-09-11 14:00:00+00:00,34714.55078,34714.98828,34578.58984,34651.44922,61751967,34585.23572,34596.5209,57.79685265,83.64648438,0,0.4621968044,0.9703221954,1
2023-09-12 14:00:00+00:00,34592.37109,34762.14063,34578.51953,34750.76953,69320644,34628.48757,34617.31736,61.70864669,80.64983259,0,0.6678255535,1.009212184,1
2023-09-14 18:00:00+00:00,34899.21875,34977.96875,34897.07813,34910.89063,73986239,34755.97515,34697.90482,68.6573876,94.38002232,0,0.9022769049,1.553775326,0
2023-09-15 18:00:00+00:00,34624.07031,34680.92188,34588.37891,34617.26172,85931927,34713.52948,34691.51427,52.69030134,98.43666295,-1,0.4245160727,1.925696618,1
2023-09-21 16:00:00+00:00,34247.03906,34314.14063,34205.21875,34213.21094,48221316,34472.49133,34550.05296,37.24321242,121.5970982,-1,0.03338122534,0.9127013584,1
2023-09-22 14:00:00+00:00,34113.28906,34156.14844,34072.28125,34111.46094,57304246,34336.39969,34461.16887,16.2107547,123.4626116,-1,0.1073005244,0.8751108082,1
2023-09-25 14:00:00+00:00,33821.75,33989.51172,33780.67188,33980.87109,51016467,34158.46478,34328.85987,37.57250511,115.3836496,0,0.1672093387,0.8232456852,0
2023-09-27 16:00:00+00:00,33445.87891,33495.07813,33306.30078,33452.78125,51843470,33725.2148,33973.75724,26.3521414,123.7179129,1,0.09964790136,1.149542823,1
2023-09-28 12:00:00+00:00,33519.44141,33643.21094,33473.5,33602.94922,0,33690.06863,33924.03064,41.7448681,121.4358259,1,0.2018043394,0,1
2023-10-02 18:00:00+00:00,33297.48828,33435.17188,33267.35938,33430.12891,68651835,33500.93165,33672.54293,38.80039465,151.8710938,0,0.2248266025,1.589462748,1
2023-10-04 12:00:00+00:00,33034.17969,33076.07813,32878.73047,32882.32813,0,33232.99747,33469.3954,30.38997838,144.4207589,-1,0.003159162085,0,0
2023-10-04 16:00:00+00:00,33103.76172,33132.78125,32911.87109,32962.17188,42836661,33164.53541,33394.51858,37.10468896,134.5281808,0,0.07772554883,0.8441307841,0
2023-10-04 18:00:00+00:00,32961.58984,33156.44922,32940.85938,33116.92969,69694434,33153.49627,33368.9653,38.17206046,138.4757254,0,0.212967799,1.59532917,1
2023-10-05 16:00:00+00:00,33032.17188,33132.44922,32941.55859,33107.46094,48754042,33114.04835,33303.88308,58.47428427,129.6280692,1,0.2295366241,1.087483734,1
2023-10-06 14:00:00+00:00,32977.46875,33470.14844,32977.46875,33369.03125,81838607,33140.00361,33277.9132,61.31758612,145.7553013,0,0.4987778255,1.338535545,1
2023-10-06 18:00:00+00:00,33502,33557.69141,33399.73828,33402.44141,78086126,33241.62044,33308.39168,62.65772147,141.2639509,-1,0.530696173,1.629877875,0
2023-10-10 16:00:00+00:00,33879.05078,33888.96875,33737.25,33766.07813,44518789,33533.87211,33449.41169,65.49667113,117.6361607,0,0.8743046963,0.8395354557,1
2023-10-12 12:00:00+00:00,33845.64844,33863.80078,33660.78125,33705.53906,0,33651.6699,33550.38095,45.10369155,107.171317,-1,0.8167185009,0,1
2023-10-12 18:00:00+00:00,33549.10938,33685.23828,33533.33984,33630.21875,65731587,33648.37723,33573.81396,44.0144844,122.5658482,0,0.7450720292,1.554179152,1
2023-10-13 16:00:00+00:00,33757.35156,33781.48828,33551.57813,33671.33984,50811423,33661.39666,33596.55889,49.01526736,157.6464844,0,0.7421815381,1.032152473,1
2023-10-13 18:00:00+00:00,33670.58984,33719.39063,33588.96875,33677.10156,73966460,33660.63961,33601.76947,45.2139791,162.5008371,1,0.7473686432,1.625099191,1
2023-10-16 18:00:00+00:00,33963.37109,34044.03125,33948.89844,33976.98828,66680293,33823.29186,33708.88861,63.02302314,155.141183,0,0.9098319925,1.53748785,0
2023-10-20 16:00:00+00:00,33262.64063,33349.26172,33199.10156,33208.46094,50490748,33531.23185,33627.55383,23.59755886,159.5817522,-1,0.009867269575,0.8778826092,1
2023-10-25 18:00:00+00:00,33042.64844,33105.69922,33015.96094,33037.69922,88669558,33142.43366,33283.75656,53.62755377,138.0373884,-1,0.115902076,1.533115264,1
2023-10-26 16:00:00+00:00,32855.32813,32920.23828,32743.99023,32912.91016,67288594,33045.2054,33203.38123,40.98460626,139.7958984,1,0.1327882822,0.9247896877,1
2023-10-27 14:00:00+00:00,32669.9707,32753.43945,32570.42969,32596.40039,78838046,32920.64243,33105.72176,20.98434241,129.2332589,-1,0.01948301226,0.9455074165,0
2023-10-31 18:00:00+00:00,32973.98047,33070.28125,32970.42188,33048.32031,70913674,32891.34203,32958.48346,88.72839214,124.3696987,0,0.7630974132,1.485543246,1
2023-11-03 14:00:00+00:00,33986.48047,34110.89844,33946.60156,34104.55078,67196102,33541.05209,33318.03368,98.26630961,123.2441406,0,0.9964412967,1.099106363,1
2023-11-07 16:00:00+00:00,34169.82031,34206.98047,34102.17969,34158.05859,47792910,33974.20327,33707.44731,58.28747167,71.87695313,0,0.9739746979,0.9224014824,1
2023-11-08 14:00:00+00:00,34185.92188,34252.75,34111.16016,34126.10938,29249549,34045.0538,33799.80287,52.73165833,72.63085938,-1,0.9213309197,1.230169051,1
2023-11-09 14:00:00+00:00,34163.71094,34167.53906,33983.25,34097.48828,34883493,34058.09156,33873.78582,43.23833647,84.46819196,0,0.8891034136,1.460505431,0
2023-11-10 14:00:00+00:00,34020.82031,34071.23047,33905.62109,34027.35156,85932688,34013.59485,33899.63381,43.22496275,106.8147321,1,0.8112938514,1.165965073,1
2023-11-14 16:00:00+00:00,34912.60156,34920.03125,34782.82031,34824.12891,49264005,34409.27838,34192.81824,78.10350693,103.858817,0,0.9095484237,0.7946725982,0
2023-11-14 18:00:00+00:00,34824.21875,34931.01172,34767.41016,34909.07031,59283622,34488.40517,34251.15763,77.44207346,107.8758371,1,0.9795177911,1.292091663,1
2023-11-20 14:00:00+00:00,34932.48828,35056.57813,34907.98047,35037.10156,36425063,34903.97512,34711.40525,70.67310549,70.16183036,0,0.9837262511,1.168649172,1
2023-11-21 20:00:00+00:00,35076.17969,35103.30859,35052.76953,35090.37109,39411121,35034.87527,34874.50458,63.07517939,69.06054688,1,0.865799012,1.425699251,1
2023-11-22 18:00:00+00:00,35273.07813,35289.57813,35194.58984,35289.57813,42035705,35134.36218,34966.86821,57.42470493,76.15792411,1,0.9742932506,0.9989814527,1
2023-11-28 14:00:00+00:00,35332.12891,35481.28906,35307.73047,35463.23828,31847482,35290.59745,35137.95993,71.40823661,65.03152902,0,0.9727846685,1.597610592,1
2023-11-29 16:00:00+00:00,35427.73047,35562.78125,35419.19922,35557.67188,47193069,35387.88031,35244.17909,75.5633693,72.67689732,0,0.992510993,0.9948670394,1
2023-12-01 18:00:00+00:00,36195.05078,36240.48047,36174.10156,36222.12109,57113584,35832.94924,35583.6706,90.58787743,115.4001116,0,0.9651163162,0.990569092,1
2023-12-04 16:00:00+00:00,36094.21875,36184.01172,36063.98047,36163.67969,50496269,35952.9731,35698.96268,80.73697243,107.7536272,0,0.916530505,0.7325970483,1
2023-12-05 16:00:00+00:00,36095.92188,36139.48828,36033.58984,36130.23047,54741557,36040.13887,35817.67256,42.90685773,86.73577009,1,0.8650621185,0.8403922954,1
2023-12-05 18:00:00+00:00,36130.16016,36158.76953,36094.35156,36152.60156,50032652,36056.52896,35845.17492,42.82384819,87.43861607,1,0.8859573928,0.9753920215,1
2023-12-06 14:00:00+00:00,36183.73047,36292.57813,36149.83984,36167.32031,32944261,36084.81234,35886.55152,58.0617917,84.3953683,-1,0.8762284135,1.229428902,0
2023-12-06 16:00:00+00:00,36166.91016,36177.30859,36119.28125,36176.23047,48692400,36097.58655,35910.13978,51.39536702,82.19363839,1,0.8840175074,0.842259608,1
2023-12-06 18:00:00+00:00,36176.28125,36192.78906,36060.51953,36071.48828,48488914,36098.43642,35926.92746,40.18401789,87.16685268,0,0.7786533596,1.048979559,0
2023-12-07 16:00:00+00:00,36044.51953,36153.23828,36035.07813,36140.98828,53741206,36095.91188,35960.10597,50.98399314,76.66489955,0,0.8407512885,0.9166998147,1
2023-12-07 18:00:00+00:00,36141.14063,36164.17188,36106.67969,36123.23047,47566253,36102.84966,35975.41245,47.22236588,74.3250558,-1,0.814914273,1.051221035,0
2023-12-08 14:00:00+00:00,36084.82031,36261.98828,36061.64063,36141.62891,83170920,36116.38401,35998.55616,47.68723319,80.14341518,0,0.8297605202,1.142568512,1
2023-12-14 16:00:00+00:00,37162.91016,37287.5,37148.10156,37150.33984,78281170,36772.6418,36515.26954,84.0317219,108.6286272,-1,0.8916201876,1.254859291,0
2023-12-15 14:00:00+00:00,37194.5,37270.62891,37092.01953,37262.80078,41821035,36942.21035,36658.22881,80.36303689,126.6328125,1,0.9804834234,1.264846255,1
2023-12-15 16:00:00+00:00,37281.55859,37295.62109,37245.58984,37271.14844,63126528,37000.83351,36712.28852,80.78567732,128.1958705,-1,0.980785745,0.8883642494,0
2023-12-18 14:00:00+00:00,37330.14063,37392.71094,37296.10938,37385.01172,32809788,37107.91583,36827.27007,62.51829839,103.8546317,1,0.9943832552,0.9102419927,1
2023-12-20 14:00:00+00:00,37520.12891,37587.92969,37460.60938,37587.67969,28367612,37381.54528,37126.98911,65.9950057,65.64787946,1,0.9998071104,1.119439337,1
2023-12-22 16:00:00+00:00,37447.07813,37477.19141,37424.62109,37465.92188,41007481,37380.8754,37255.2238,44.9912916,139.8540737,1,0.8363257226,0.7377582563,1
2023-12-26 16:00:00+00:00,37474.30078,37535.33984,37473.87109,37526.78906,40945148,37416.3835,37307.53867,67.41355955,98.20535714,0,0.8058403539,0.693150156,1
2023-12-26 20:00:00+00:00,37584.23828,37601.67969,37523.55078,37546.78906,27936600,37452.52417,37339.96667,58.87249469,90.9031808,-1,0.8336827634,1.131249332,1
2023-12-27 14:00:00+00:00,37518.62109,37632.21875,37488.60156,37591.73828,25810291,37479.1401,37363.11051,60.23268258,82.67801339,0,0.912782265,1.094992953,0
2023-12-27 18:00:00+00:00,37643.75,37655.39844,37546.10156,37605.87109,42122892,37523.40824,37405.70558,70.14943216,73.42327009,0,0.8725508383,0.8883066337,1
2023-12-29 14:00:00+00:00,37701.62891,37759.42969,37591.57031,37594.17969,26947554,37633.8453,37514.98889,50.26038846,73.9031808,-1,0.7383556185,1.412610069,1
2024-01-02 20:00:00+00:00,37614.83984,37728.78125,37606.26953,37723.87109,49512778,37666.03467,37583.31702,50.29571064,98.38030134,1,0.9076660747,2.084492541,0
2024-01-03 18:00:00+00:00,37573.37109,37614.07813,37454.41016,37477.67969,53048597,37603.22558,37568.35945,36.88480852,121.2885045,-1,0.4614255313,0.9903726598,0
2024-01-04 14:00:00+00:00,37425.28125,37716.41016,37425.28125,37694.44141,50982727,37598.06367,37569.59385,50.45709376,126.5239955,0,0.8165064043,1.678565395,0
2024-01-04 16:00:00+00:00,37695.33984,37709.64844,37512.01953,37568.30078,65778551,37593.1949,37569.63392,42.73037589,128.859654,0,0.5744864233,0.882372715,1
2024-01-10 16:00:00+00:00,37573.17969,37614.92188,37543.71094,37572.78906,43257193,37524.009,37523.04948,58.81946378,100.4659598,-1,0.5982376946,0.7907266519,1
2024-01-10 20:00:00+00:00,37663.28906,37711.80078,37609.23047,37686.07031,43681995,37562.34096,37542.81833,50.43176145,101.0689174,1,0.8076920299,1.584153096,1
2024-01-11 14:00:00+00:00,37747.14063,37801.89844,37428.87891,37474.85938,36011581,37553.28068,37540.05797,50.86325159,110.7064732,0,0.4082456302,1.388316543,1
2024-01-11 16:00:00+00:00,37471.69141,37612.19922,37424.28125,37595.42188,49330164,37549.9985,37539.42484,59.33829143,114.9882813,1,0.6263950636,0.8863956024,1
2024-01-12 14:00:00+00:00,37818.05078,37825.26953,37470.19141,37544.16016,33875795,37578.65276,37557.73456,48.21446182,130.1950335,0,0.5119893669,1.33895985,1
2024-01-12 16:00:00+00:00,37544.32813,37585.51953,37481.62109,37575.12109,42645034,37573.41399,37556.86858,50.13504649,134.9394531,1,0.5657380784,0.7232254601,1
2024-01-16 18:00:00+00:00,37363.44141,37374.55859,37201.39063,37278.5,62881372,37473.15985,37509.19377,26.51467733,122.4673549,0,0.1235967016,1.223949532,0
2024-01-18 16:00:00+00:00,37245.53906,37292.51172,37157.05859,37195.71094,61149706,37310.89807,37396.39697,38.57043978,111.9659598,0,0.1036019,0.8886123235,0
2024-01-18 18:00:00+00:00,37195.60938,37480.03125,37193.51172,37480.03125,59487792,37334.03017,37400.46879,61.91270054,117.3674665,0,0.508431872,1.130916448,1
2024-01-19 14:00:00+00:00,37572.5,37661.44141,37451.71094,37632.75,36126962,37390.11313,37420.40502,67.39945765,120.2078683,1,0.7258807302,1.308105161,1
2024-01-29 16:00:00+00:00,38103.91016,38128.39063,38061.17188,38117.14063,51896764,38036.88611,37927.27296,78.92146878,83.09207589,0,0.9070977043,0.6069679032,1
2024-01-31 14:00:00+00:00,38426.78125,38588.85938,38426.78125,38494.12891,40861538,38293.92094,38125.7469,87.19684698,79.49107143,0,0.8805640101,1.413995181,1
2024-01-31 16:00:00+00:00,38496.98047,38517.83984,38420.28906,38463.83984,59426348,38327.56647,38157.26717,79.82619449,83.41350446,-1,0.8423756193,1.037668242,1
2024-02-01 16:00:00+00:00,38192.76953,38485.89063,38191.96094,38390.60938,56630210,38309.24253,38192.75076,47.87555991,126.8498884,0,0.7500467874,0.7574919017,1
2024-02-02 20:00:00+00:00,38780.28125,38781.60938,38648.39063,38653.03125,45618110,38484.64835,38334.37749,72.23231358,139.577567,-1,0.8678120243,1.242946142,1
2024-02-05 16:00:00+00:00,38277,38414.62109,38268.85156,38362.35156,56594491,38434.82778,38332.98491,48.78335923,136.422154,0,0.5732477019,0.7460348224,1
2024-02-05 20:00:00+00:00,38467.53125,38489.80859,38368.71094,38368.71094,38388977,38431.73604,38344.5407,44.0830299,136.8577009,-1,0.5220875403,1.275341887,1
2024-02-09 14:00:00+00:00,38731.96875,38734.28125,38620.67188,38632.92188,36972054,38617.45474,38526.38229,45.8466111,73.21735491,0,0.7773295009,1.476115144,1
2024-02-09 16:00:00+00:00,38633.30859,38670.73047,38567.89844,38666.96094,57175705,38623.15481,38537.1144,43.72143945,72.74748884,1,0.8276250173,1.051731265,1
2024-02-12 14:00:00+00:00,38656.76172,38830.94141,38628.92188,38828.17969,29012611,38657.10855,38572.15464,77.77440046,70.38839286,0,0.9961860064,1.123598908,1
2024-02-12 20:00:00+00:00,38773.57813,38815.48047,38773.08984,38807.44922,37174360,38719.37607,38623.25299,57.41630734,74.84765625,1,0.8307169311,1.393503458,1
2024-02-13 16:00:00+00:00,38380.14063,38403.60938,38241.5,38256.03906,46341361,38591.10508,38572.29025,30.00820987,116.875279,0,0.05043391742,0.9003849159,1
2024-02-13 20:00:00+00:00,38085.85938,38279.96094,38075.76953,38275.32813,44640606,38483.44644,38519.1058,35.58957421,141.4656808,1,0.2654010074,1.680551236,1
2024-02-14 14:00:00+00:00,38372.67188,38420.66016,38247.16016,38320.44141,30589211,38460.80326,38504.741,31.61643448,147.6930804,-1,0.3162489874,1.236834654,0
2024-02-15 16:00:00+00:00,38565.89844,38687.94141,38558.07031,38687.82031,48079078,38483.40284,38496.9161,70.13464873,132.8825335,0,0.730328273,0.8139730136,1
2024-02-16 18:00:00+00:00,38750.69922,38825.03125,38627.01953,38685.69922,48049906,38632.20731,38579.04006,67.67010467,107.7078683,0,0.7279375506,0.9626133763,1
2024-02-21 18:00:00+00:00,38509.85938,38551.51172,38338.57813,38390.73047,51459117,38541.34698,38551.22818,26.04101887,105.8858817,0,0.3954730372,1.089132223,0
2024-02-28 16:00:00+00:00,38901.73828,38920.5,38856.33984,38920.30078,52172717,38960.03737,38904.56282,35.05329733,83.41629464,1,0.6164254847,0.9993698636,1
2024-02-28 18:00:00+00:00,38920.03125,38938.92188,38822.58984,38928.35938,48519399,38948.22239,38903.38483,35.64017542,86.93554688,1,0.6249648161,1.091292551,0
2024-03-04 16:00:00+00:00,38976.19922,39070.17188,38972.21875,38993.58984,77233870,39005.20483,38963.45805,57.4302608,90.97293527,0,0.4659811842,1.135016598,0
2024-03-04 20:00:00+00:00,39027.12109,39041.62109,38974.16016,38992.96094,47884780,39006.19675,38969.32918,52.54039417,88.5203683,-1,0.4648178389,1.41565249,1
2024-03-06 14:00:00+00:00,38721.14844,38839.48828,38683.51172,38839.39844,41588811,38823.64234,38875.77968,43.90794381,125.1866629,1,0.5050148896,1.281279601,1
2024-03-06 20:00:00+00:00,38616.42969,38694.69141,38597.89063,38662.55859,41614796,38776.43294,38840.74626,36.0850725,140.3883929,1,0.3076972753,1.193889687,1
2024-03-07 16:00:00+00:00,38793.23047,38832.17188,38730.46094,38827.96875,60902046,38786.17984,38835.17626,55.85475888,139.0329241,1,0.5586764775,0.9020711433,1
2024-03-08 16:00:00+00:00,38867.76172,38905.57031,38756.62891,38785.26172,68421107,38804.75914,38831.74605,49.45354647,122.5354353,-1,0.4942160747,0.9663075573,1
2024-03-11 18:00:00+00:00,38735.62891,38794.76172,38714.82031,38769.58984,66863339,38746.73918,38786.67289,48.90291287,124.3956473,0,0.4705615301,1.384119313,1
2024-03-12 14:00:00+00:00,38962.67188,39065.16016,38924.85156,38931.83984,72058981,38799.40103,38808.64921,52.11227855,130.6029576,-1,0.7154556389,1.11321222,1
2024-03-12 18:00:00+00:00,39030.66016,39071.55859,38985.25,39000.08984,71028611,38865.19514,38841.34436,63.55657736,118.328404,-1,0.8324029046,1.37026848,1
2024-03-14 12:00:00+00:00,39122.39063,39160.25,38861.37109,38974.01172,0,38979.18515,38916.08597,50.65539849,115.7106585,-1,0.6936895319,0,1
2024-03-15 14:00:00+00:00,38807.03906,38878.73828,38700.35938,38711.57813,74258383,38898.87753,38893.02142,30.81446945,144.6830357,0,0.3176998125,0.9634594719,1
2024-03-21 18:00:00+00:00,39831.92188,39853.78125,39769.78125,39773.66016,80532048,39454.24555,39227.68628,83.59481474,125.5892857,0,0.9092021221,1.52587564,1
2024-03-22 18:00:00+00:00,39618.32031,39619.41016,39469.53125,39469.53125,65918217,39510.81787,39322.58583,47.76138091,97.1671317,0,0.6698910057,1.233045954,1
2024-03-25 18:00:00+00:00,39349.01953,39361.33984,39296.03125,39317.14844,66659717,39426.69438,39327.32789,11.78344157,72.06919643,0,0.5499849387,1.375490198,1
2024-03-26 16:00:00+00:00,39421.41016,39431.32813,39368.69922,39394.46875,45007553,39416.77228,39342.19082,26.78143033,62.4327567,0,0.5949433907,0.9057464451,1
2024-03-28 16:00:00+00:00,39787.96094,39805.05859,39744.01172,39796.19141,49299690,39600.94579,39482.23218,77.72547624,89.31668527,0,0.8968690212,0.9382911362,1
2024-04-01 18:00:00+00:00,39534.48828,39588.51953,39514.98047,39553.57031,66552097,39593.50355,39521.21654,31.64402082,78.04129464,1,0.4517033121,1.54820784,0
2024-04-09 18:00:00+00:00,38722.35938,38893.26172,38671,38884.12891,75750609,38886.96799,39014.68948,48.74934541,111.186942,0,0.2480254933,1.553505087,0
2024-04-10 18:00:00+00:00,38356.85156,38508.25,38312.05078,38449.05859,72371862,38662.95896,38854.6813,30.70804993,176.2452567,0,0.1124721604,1.442803799,0
2024-04-11 12:00:00+00:00,38523.26172,38567.57031,38197.28125,38205.05859,0,38621.33165,38825.80918,27.27644736,189.3415179,-1,0.006353674026,0,1
2024-04-12 18:00:00+00:00,37967.51172,37985.05078,37877.30078,37985.05078,98447139,38279.14162,38535.16844,34.42036399,158.2151228,1,0.06978397428,1.658088927,1
2024-04-16 18:00:00+00:00,37750.03125,37944.19922,37748.76172,37793.64844,69567749,37960.54954,38215.17137,41.86298312,176.5145089,0,0.1002348805,1.201407292,1
2024-04-17 16:00:00+00:00,37686.30078,37858.44141,37611.55859,37804.23828,57343338,37887.56814,38124.25658,52.78690388,161.8872768,0,0.1394883222,0.9208515355,1
2024-04-17 18:00:00+00:00,37805.46875,37956.46094,37710.60938,37739.78125,73626030,37862.18196,38090.97549,50.45584555,167.9252232,0,0.09282536953,1.313032943,0
2024-04-18 14:00:00+00:00,37994.94922,38083.76172,37922.5,37938.10156,56147781,37892.35474,38077.39695,52.04736383,166.2260045,-1,0.2547727023,0.788707103,0
2024-04-24 12:00:00+00:00,38552.78906,38552.78906,38427.64063,38485.46875,0,38287.82345,38191.96964,70.76730373,118.9029018,-1,0.9199621687,0,1
2024-04-25 18:00:00+00:00,37998.42969,38157.21875,37973.39844,38091.87109,88841618,38185.83589,38181.75007,34.72968366,161.7695313,0,0.5056232909,1.60689766,1
2024-04-26 18:00:00+00:00,38284.35156,38310.41016,38231.05859,38232.82031,82513866,38222.31974,38202.90568,42.62373702,159.0251116,-1,0.6264920653,1.476190354,1
2024-05-01 16:00:00+00:00,37940.37109,38066.32813,37892.19141,38064.92188,58866013,38069.82354,38130.28957,34.40159805,125.7273996,1,0.3847538754,1.063751069,1
2024-05-01 18:00:00+00:00,38065.21875,38349.19922,37885.92188,37885.92188,133468999,38068.88328,38124.96883,31.73483183,163.0125558,-1,0.1629779841,1.763611449,0
2024-05-02 14:00:00+00:00,38055.10156,38135.14844,37973.66016,38044.62891,67501075,38066.03231,38116.37745,49.28722394,161.9620536,-1,0.3596114663,0.8689004064,0
2024-05-08 12:00:00+00:00,38818.89844,38921.44922,38814.98828,38909.51953,0,38754.45544,38566.02929,55.8987541,79.52845982,1,0.9431195954,0,1
2024-05-09 16:00:00+00:00,39215.92969,39331.32813,39212.19141,39331.12891,51751448,39017.82344,38791.73734,90.01878832,75.76060268,0,0.9998715372,0.9888094417,1
2024-05-14 14:00:00+00:00,39509.57031,39512.07813,39411.87109,39433.80078,63825080,39396.94671,39185.6361,45.8306572,67.8484933,0,0.7974664321,1.061874542,0
2024-05-16 14:00:00+00:00,39989.39063,40051.05078,39970.42188,39980.82813,80469290,39721.90806,39477.32061,79.51134395,96.69810268,-1,0.9431884259,1.20579287,1
2024-05-20 14:00:00+00:00,40051,40077.39844,39986.16016,39996.73828,55469449,39903.69316,39704.53172,51.39051053,76.58705357,-1,0.9076541222,0.8731110995,1
2024-05-21 12:00:00+00:00,39804.39844,39873.21875,39778.73047,39862.55859,0,39884.61451,39735.06083,45.79017031,75.60658482,1,0.6954684887,0,0
2024-05-21 14:00:00+00:00,39862.55859,39890.66016,39805.78125,39822.10938,66015104,39877.69633,39744.64597,43.8720046,77.95675223,-1,0.6381324681,1.130122056,1
2024-05-21 16:00:00+00:00,39822.37109,39852.57031,39789.98828,39842.07813,49666059,39869.12797,39751.88769,44.57894625,73.76116071,1,0.6664378025,1.04898252,0
2024-05-22 14:00:00+00:00,39881.76953,39888.33984,39766.82813,39830.39844,48049077,39862.96901,39772.66781,30.36763146,68.41573661,0,0.6498820611,0.8729389231,1
2024-05-22 16:00:00+00:00,39830.69141,39854.30078,39577.32031,39577.32031,45673486,39832.85384,39765.68961,24.13825959,73.32421875,0,0.2911484923,1.042242628,1
2024-05-23 12:00:00+00:00,39694.94922,39694.94922,39387.96094,39397.96875,62770102,39764.17641,39739.53786,21.4634989,96.32198661,-1,0.03692096433,2.33247619,1
2024-05-23 14:00:00+00:00,39399.75,39456.10156,39362.23047,39420.12891,65634526,39700.30698,39709.63983,26.0113478,99.27204241,1,0.08095781695,1.000680084,0
2024-05-23 18:00:00+00:00,39061.85156,39104.12109,39025.51172,39066.89844,77051166,39513.24922,39610.61332,14.17807182,125.6130022,1,0.03934522417,1.394694012,0
2024-05-29 18:00:00+00:00,38470.25,38529.26172,38427.73828,38446.87891,68814645,38798.38247,39084.35118,17.16698207,111.7022879,-1,0.01995942843,1.707245036,1
2024-06-04 16:00:00+00:00,38545.12109,38783.78125,38520.92188,38776.03125,51056191,38513.92379,38628.78035,64.01545806,156.8353795,0,0.6033986753,0.884649409,1
2024-06-05 12:00:00+00:00,38774.82031,38807.32031,38548.76953,38596.12891,0,38547.66705,38631.56487,48.08837805,153.6152344,-1,0.4881035902,0,0
2024-06-07 12:00:00+00:00,38861.23828,38988.05078,38751.85156,38985.80859,0,38773.21605,38730.9349,74.07659484,114.0549665,1,0.9817069609,0,0
2024-06-07 16:00:00+00:00,38953.82031,39011.98828,38825.73047,38898.23828,45247991,38828.01151,38766.89547,56.3445749,123.0117188,-1,0.81255284,0.9382657226,1
2024-06-11 14:00:00+00:00,38604.78906,38694.87109,38563.21094,38568.32813,96839750,38764.47869,38758.17879,25.08825535,122.3833705,-1,0.4538081273,1.46168608,0
2024-06-12 14:00:00+00:00,38954.12109,39019.62891,38815.21875,38815.35938,99220753,38776.90327,38764.71051,52.34755884,134.2290737,0,0.6507590638,1.278312117,1
2024-06-13 16:00:00+00:00,38419.58984,38628.76953,38414.5,38626.80859,47469165,38672.13694,38710.7239,45.69582781,142.7257254,0,0.3074949566,0.6439567057,1
2024-06-14 18:00:00+00:00,38524.69922,38591.78906,38505.94922,38590.92969,55456537,38599.75046,38655.3859,45.05503664,127.9617746,0,0.3500424483,1.013188634,1
2024-06-17 14:00:00+00:00,38529.98047,38697.71875,38498.98828,38695.96094,65472476,38605.8976,38651.09554,63.33824029,126.0276228,0,0.4790084849,0.9792671909,1
2024-06-18 14:00:00+00:00,38781.89063,38838.30859,38727.67188,38779.05859,65311982,38689.43009,38685.39522,73.27517568,100.3537946,0,0.5810426449,1.08538298,0
2024-06-26 14:00:00+00:00,38974.53125,39160.66016,38966.71875,39151.94922,73111325,39157.48983,39073.62946,31.21590914,106.0979353,0,0.631977398,0.9909806921,1
2024-06-26 16:00:00+00:00,39152.23047,39171.64063,39111.71094,39162.46094,55137272,39157.01607,39080.66331,35.09395376,101.5203683,1,0.6412040212,0.9167473034,1
2024-06-26 18:00:00+00:00,39163.07813,39183.73828,39111.35156,39126.57813,70020224,39152.02529,39084.8039,33.32063285,102.4123884,0,0.6097080122,1.269904218,0
2024-06-27 12:00:00+00:00,39107.10156,39192.23828,39049,39187.07031,0,39155.2112,39089.34908,43.79699341,99.13364955,1,0.6628048111,0,1
2024-06-28 18:00:00+00:00,39056.07813,39133.82813,38937.14844,39116.89063,124849913,39154.77179,39121.61327,49.52848125,133.3264509,1,0.4268954269,2.360391213,1
2024-07-01 14:00:00+00:00,39194.01953,39200.85938,39037.94141,39191.87891,73842936,39160.20587,39128.6211,48.50980252,151.5962612,0,0.4454652909,0.8897357018,0
2024-07-05 12:00:00+00:00,39313.39844,39335.51172,39168.69922,39202.08984,0,39212.506,39173.60184,51.49765332,92.11830357,-1,0.4936090151,0,0
2024-07-09 12:00:00+00:00,39357.37109,39357.37109,39146.60156,39192.21094,0,39296.19669,39246.70309,49.40905968,106.0320871,-1,0.3553330431,0,0
2024-07-10 14:00:00+00:00,39263.66016,39489.48047,39256.71875,39469.48047,71469637,39324.31439,39278.51746,59.0116574,95.04771205,0,0.7416031781,1.16314839,1
2024-07-11 16:00:00+00:00,39771.35938,39808.48828,39702.23047,39746.91016,53677184,39541.3076,39416.29744,81.89240978,106.6849888,-1,0.8463679987,0.8637707976,0
2024-07-11 18:00:00+00:00,39747.42969,39791.85938,39721.14063,39757.78906,75361762,39577.13677,39445.08253,82.7473349,106.3147321,1,0.8532410088,1.46849325,1
2024-07-15 16:00:00+00:00,40280.82813,40280.82813,40136.82031,40235.30078,52371847,39983.11956,39746.43293,71.76443965,129.0753348,0,0.9038598744,0.8701725228,0
2024-07-16 16:00:00+00:00,40792.05078,40887.94922,40758.55078,40864.35156,55339419,40322.77265,39995.95464,73.28021833,162.3158482,1,0.9864486243,0.8237615474,1
2024-07-17 16:00:00+00:00,41156.82031,41211.12109,41098.32813,41198.78125,70407244,40703.30642,40295.90499,88.22067333,154.186942,1,0.994022898,0.8509797576,0
2024-07-18 12:00:00+00:00,41156.55859,41376,41045.92969,41367.89844,0,40842.21965,40418.71321,89.58788176,129.9347098,1,0.996366032,0,0
2024-07-18 14:00:00+00:00,41368.07813,41368.07813,40838.67969,40846.82031,109627616,40860.38188,40464.84436,52.18257383,152.4782366,0,0.7520267834,1.12322777,1
2024-07-18 16:00:00+00:00,40846.94922,40946.44922,40724.01953,40724.01953,64648833,40853.71724,40496.1069,44.96909336,160.2541853,-1,0.6936024525,0.7231127373,1
2024-07-22 16:00:00+00:00,40280.23047,40424.03906,40254.46875,40374.32031,51590343,40480.53914,40429.12082,34.82306031,157.9447545,0,0.394704044,0.8497263733,1
2024-07-22 18:00:00+00:00,40373.96094,40450.51953,40373.96094,40413.82813,73209770,40469.9284,40428.2887,38.80782564,145.625279,0,0.4185778625,1.364744635,1
2024-07-23 16:00:00+00:00,40420.12891,40494.82813,40354.62891,40458.35938,42322137,40459.7172,40431.36322,65.29550407,129.0837054,1,0.3437367304,0.7601017823,1
2024-07-25 12:00:00+00:00,39828.62891,40075.67188,39817.5,40066.57813,0,40203.69197,40295.4218,31.62832919,146.8571429,1,0.1652027523,0,1
2024-07-26 18:00:00+00:00,40615.32813,40663.73047,40516.98828,40593.60938,70139015,40401.54548,40364.39104,68.45941127,227.9029018,-1,0.5012015968,1.276466773,1
2024-07-29 18:00:00+00:00,40574.73828,40634.69922,40524,40542.55859,63285431,40476.94359,40416.20621,72.44656481,180.9866071,0,0.7660101029,1.338357036,1
2024-07-30 14:00:00+00:00,40689.26172,40752.35156,40541.71094,40620.33984,72363843,40516.24027,40444.23636,47.16698467,143.5030692,0,0.8354711921,1.182632264,1
2024-07-30 16:00:00+00:00,40620.94141,40761.96875,40529.10156,40701.78906,62205640,40539.38013,40461.96401,55.81325097,141.0337612,0,0.9191829164,0.976526969,1
2024-07-30 18:00:00+00:00,40701.44141,40866.25,40632.51172,40736.87891,80624807,40569.78088,40483.86611,59.57489022,142.6063058,1,0.8778135641,1.72022427,1
2024-08-01 16:00:00+00:00,40377.66016,40378.17969,40117.85156,40140.76172,77895653,40585.62728,40550.90564,29.24097141,197.6704799,0,0.2395898265,1.094470294,1
2024-08-05 14:00:00+00:00,38608.21094,39029.05078,38603.10938,39020.39063,139961791,39767.9942,40087.70332,30.40379271,299.547154,0,0.193053618,1.101634504,1
2024-08-06 14:00:00+00:00,39046.53125,39251.67969,38935.07031,39181.58984,94473529,39351.45343,39764.03781,42.62446852,304.296317,1,0.2527712015,0.6611410809,1
2024-08-06 18:00:00+00:00,39374.51172,39449.53125,38981.87109,38982.94141,101010338,39307.34684,39673.40107,38.47966433,322.0549665,0,0.1791802453,0.9025833766,0
2024-08-08 18:00:00+00:00,39434.64844,39480.91016,39325.03906,39442.89063,85205410,39273.2862,39468.04407,62.24778286,235.719308,1,0.3495722365,1.092981299,1
2024-08-09 14:00:00+00:00,39404.19922,39524.98828,39326.71875,39388.28125,70058259,39306.21319,39460.13121,55.21190986,209.5061384,0,0.329341742,0.6405313177,1
2024-08-12 12:00:00+00:00,39556.01172,39587.05859,39251.71875,39405.94922,0,39370.63209,39464.03598,54.41173194,161.2050781,-1,0.3490732887,0,0
2024-08-14 16:00:00+00:00,39910.53125,40037.87109,39906.03125,39975.66016,44568079,39671.97881,39586.16837,96.36373569,121.577846,0,0.9485613428,0.7940019087,1
2024-08-15 16:00:00+00:00,40527.28125,40542.66016,40455.78125,40530.78906,70777645,40013.46244,39795.63107,94.94644596,132.0072545,1,0.9934455434,1.073566748,1
2024-08-19 16:00:00+00:00,40855.35938,40907.32031,40799.80078,40806.37891,43079554,40540.86794,40225.56399,74.41802513,85.84151786,0,0.9398044185,0.7968856508,1
2024-08-20 18:00:00+00:00,40889.92188,40894.19141,40794.80078,40830.51172,61741004,40713.59606,40432.33804,62.24072394,88.59207589,0,0.9524225836,1.387703726,1
2024-08-21 16:00:00+00:00,40824.44141,40892.60938,40822.12891,40891.64063,39438384,40769.73831,40519.43983,57.23625321,104.1436942,0,0.9514485679,0.8587363909,1
2024-08-22 18:00:00+00:00,40700.71875,40735.14844,40641.78906,40731.73047,74631665,40759.41128,40599.89697,43.26199561,134.4076451,0,0.7739407731,1.879175976,0
2024-08-26 14:00:00+00:00,41399.98828,41420.05078,41179.60938,41246.64844,54454517,41011.54347,40803.96284,62.21196452,182.1746652,0,0.8223045053,0.8939787723,1
2024-08-26 16:00:00+00:00,41246.32031,41308.23047,41140.23047,41211.78125,39684205,41050.6566,40841.64887,66.10677215,172.9564732,-1,0.7845055109,0.8606873902,1
2024-08-27 16:00:00+00:00,41169,41254.51953,41109.42188,41244.35156,39455304,41131.55201,40943.89625,60.33093838,105.4185268,0,0.7897283424,0.8811691507,1
2024-08-30 14:00:00+00:00,41417.85156,41441.46875,41192.87109,41196.16016,95577573,41273.99556,41140.28069,55.84819897,162.500279,0,0.6156934134,1.382960607,1
2024-09-04 12:00:00+00:00,40872.05859,41084.48047,40872.05859,41065.03125,0,41167.33023,41139.71529,37.17602592,161.8708147,1,0.4037574661,0,0
2024-09-06 12:00:00+00:00,40756.80859,41007.66016,40605.07813,40615.37891,0,40876.78981,40976.58627,27.94461965,180.2977121,-1,0.09032719012,0,1
2024-09-06 18:00:00+00:00,40351.67969,40450.51172,40297.32813,40353.69141,80056604,40657.61871,40832.68442,26.39482844,202.7977121,0,0.04376429338,1.538171054,1
2024-09-10 12:00:00+00:00,40916.5,40916.5,40543.73828,40632.30078,0,40732.63249,40823.56096,50.5320168,187.5323661,-1,0.2600956026,0,1
2024-09-17 18:00:00+00:00,41596.82031,41616.89063,41512.07031,41616.89063,78435301,41477.89462,41260.47591,62.18659178,132.2544643,1,0.8814518899,1.350965058,1
2024-09-18 12:00:00+00:00,41628.91016,41636.53906,41476.96094,41552.55859,64604805,41484.68225,41273.45736,49.82570577,119.3551897,-1,0.8465307905,1.81547888,0
2024-09-19 14:00:00+00:00,41997.07813,42051.64844,41832.08984,42034.37891,90544372,41656.82538,41438.52735,63.50711587,213.8331473,1,0.9665555056,0.8375978692,1
2024-09-20 14:00:00+00:00,41947.98047,42056.87891,41888.80859,42056.10938,91614779,41831.04693,41596.28107,66.60636949,209.8021763,1,0.9473598499,0.8105701035,1
2024-09-20 16:00:00+00:00,42056.44922,42138.41016,41962.80859,41962.80859,71613210,41864.68913,41633.67404,56.60991883,190.9023438,-1,0.8771180383,0.7380950223,0
2024-09-24 16:00:00+00:00,42112.92188,42178.35156,42095.87109,42101.28906,48341854,42053.90409,41861.75802,63.01555949,98.33454241,-1,0.8091515682,0.4394982302,1
2024-09-24 18:00:00+00:00,42100.89063,42231.62891,42056.82031,42227.76172,73393237,42079.23559,41891.08045,64.97625356,95.65792411,0,0.9423542484,0.9740119438,1
2024-09-25 12:00:00+00:00,42236.08984,42299.64063,42017.32813,42043.64063,0,42075.99969,41897.8609,44.38632915,103.1208147,-1,0.7038643676,0,0
2024-09-27 18:00:00+00:00,42327.03125,42397.42969,42262.67188,42305.62109,61981673,42237.24846,42093.2019,65.8524656,137.813058,-1,0.7263684723,1.279067119,1
2024-09-30 16:00:00+00:00,42207.91016,42213.76172,41929.07031,42025.67969,42174618,42205.94577,42106.55163,43.01877895,143.5915179,0,0.2159138845,0.9591807693,1
2024-10-01 16:00:00+00:00,42179.75,42310.69922,42001.55859,42304.85938,62915008,42183.65183,42121.00438,49.33571968,175.3320313,1,0.5791501278,1.141545337,0
2024-10-03 16:00:00+00:00,42085.10156,42085.10156,41864.10156,41960.46875,42336530,42106.58956,42109.82976,33.03925265,139.7313058,0,0.1443414026,0.6711618365,0
2024-10-08 16:00:00+00:00,42033.35938,42051.94141,41936.73828,42045.42188,44793082,42062.59908,42085.42751,42.15048525,124.3359375,0,0.3732133476,1.050148574,0
2024-10-09 12:00:00+00:00,42070.32031,42289.16016,41993.35156,42168.44922,0,42074.57084,42088.46263,45.4804304,123.2045201,1,0.6357347258,0,1
2024-10-11 14:00:00+00:00,42772.73828,42835.48047,42702.83984,42722.78125,55404511,42432.29482,42306.32397,64.47316882,125.1227679,-1,0.8877209505,1.04809121,0
2024-10-14 12:00:00+00:00,42800.89063,42904.44922,42707.14063,42877.08984,0,42588.54625,42415.18748,76.24772157,124.7285156,1,0.9744951095,0,1
2024-10-14 16:00:00+00:00,43047.46875,43076.60156,42995.32813,43066.78906,32226985,42730.24349,42518.06125,90.92330714,113.5348772,1,0.9921176083,0.8924515518,1
2024-10-16 12:00:00+00:00,42706.48828,42957.42188,42692.37109,42917.91016,0,42830.9041,42659.57766,52.19585792,141.0591518,1,0.7511338864,0,1
2024-10-16 16:00:00+00:00,42989.30859,43098.14063,42959.12109,43077.94922,46678262,42883.87382,42715.40813,50.60460746,143.7667411,1,0.861807681,0.968718499,0
2024-10-17 16:00:00+00:00,43219.51953,43286.10938,43164.64063,43208.87109,43510928,43032.11473,42842.80444,78.03741381,108.390625,0,0.9390218406,0.9438559521,0
2024-10-18 18:00:00+00:00,43310.39844,43317.26953,43236.21875,43275.35156,54627821,43150.96951,42974.36043,63.2402981,102.3892299,0,0.9510955774,1.350198179,1
2024-10-24 12:00:00+00:00,42522.55078,42522.55078,42337.17188,42424.23047,61508351,42721.47924,42813.56874,35.23220563,136.530692,-1,0.1270048567,2.131946038,1
2024-10-28 16:00:00+00:00,42411.75,42445.60938,42363.64063,42416.42188,39514818,42410.59607,42547.94295,53.23915886,126.5845424,1,0.2865914061,0.7069266298,1
2024-10-28 18:00:00+00:00,42416.89063,42461.82031,42380.21094,42395.07813,62411366,42411.46434,42536.48708,50.98676837,126.9966518,-1,0.2698341138,1.5824265,1
2024-10-29 14:00:00+00:00,42395.60938,42435.89063,42297.58984,42309.75,82098712,42392.767,42511.13166,47.36596198,127.3532366,0,0.2028417472,1.249830042,1
2024-10-29 16:00:00+00:00,42309.48828,42384.64844,42267.87891,42323.51172,55956711,42380.13734,42494.5114,63.38355854,115.6768973,0,0.2136462752,0.9704839188,1
2024-10-30 14:00:00+00:00,42388.01172,42457.92188,42339.37891,42394.05078,68572845,42368.32435,42464.36737,47.93981207,111.3733259,1,0.3462402261,1.168741581,1
2024-11-01 14:00:00+00:00,42283,42326.30859,42131.35156,42193.14844,133922814,42140.58786,42271.96298,44.05585515,169.469308,-1,0.5243142171,1.53494617,1
2024-11-01 16:00:00+00:00,42189.28906,42244.80859,42020.71875,42091.78906,74173187,42141.48977,42261.11902,44.59698441,180.6029576,-1,0.4350056837,0.9936128599,1
2024-11-04 20:00:00+00:00,41814.26172,41821.85938,41761.17188,41799.82031,43654969,41983.49952,42132.21554,51.96938772,155.2003348,-1,0.160997695,1.138365643,0
2024-11-05 20:00:00+00:00,42150.92969,42230.01953,42128.60156,42227.73828,37057438,42066.27174,42136.95666,62.0609751,124.6947545,1,0.6872672948,1.107891814,1
2024-11-07 14:00:00+00:00,43718.92188,43810.28906,43641.92188,43704.25,49083542,42993.82469,42651.50201,91.77649924,201.3618862,0,0.9509756648,1.555796351,1
2024-11-12 14:00:00+00:00,44359.21094,44405.73047,44088.10938,44095.42969,58773952,43996.5824,43549.49061,52.31879181,127.7212612,0,0.8621998498,1.692965322,1
2024-11-13 16:00:00+00:00,44087.64844,44141.32813,44053.42969,44075.01172,88760370,44015.31521,43709.53513,37.22377767,120.9135045,-1,0.8489512494,1.088448953,1
2024-11-14 18:00:00+00:00,43797.37891,43886.35938,43704.82031,43780.94141,102391651,43938.72907,43770.90255,34.13029123,127.5457589,-1,0.7025506617,1.308988286,1
2024-11-15 16:00:00+00:00,43530.42969,43530.42969,43350.42969,43448.35938,123024961,43775.27112,43718.66601,17.48845844,138.703404,0,0.08618526222,1.35405618,1
2024-11-18 14:00:00+00:00,43431.89063,43484.39063,43297.57031,43455.21875,54248031,43639.44215,43657.23244,27.02329783,137.9670759,1,0.1325747248,1.151866112,1
2024-11-19 16:00:00+00:00,43271.60938,43313.07813,43205.28906,43285.75,78276457,43446.74105,43541.36336,41.72964596,127.4927455,1,0.2241068634,0.7772477534,1
2024-11-20 14:00:00+00:00,43296.05078,43359.21875,43074.85938,43127.71094,64830301,43355.19639,43473.85304,31.5443067,130.6813616,0,0.1269298227,1.481540273,0
2024-11-20 16:00:00+00:00,43127.12891,43285.42188,43098.03125,43223.48828,85892153,43327.56781,43449.64168,40.39873641,139.7299107,0,0.1940316791,0.8498880086,1
2024-11-21 14:00:00+00:00,43538.69922,43817.17969,43345.57813,43805.87891,92401566,43374.27178,43446.97265,76.61140873,153.4266183,1,0.6829963289,2.175420241,1
2024-11-22 20:00:00+00:00,44209.14844,44323.94922,44204.17969,44292.57813,57516158,43884.25082,43721.87651,87.23637665,163.1487165,1,0.9773506684,1.140813659,1
2024-11-27 14:00:00+00:00,44837.75,45003.05859,44826.26172,44831.32031,60426556,44553.83071,44238.86273,57.69519328,121.2050781,-1,0.9168010264,1.474156878,1
2024-12-03 16:00:00+00:00,44643.26953,44778.60938,44574.78125,44741.30078,74149757,44731.4631,44549.68307,50.84538821,118.9637277,0,0.814082517,0.9850846858,1
2024-12-04 14:00:00+00:00,44941.05078,45018.82031,44826.42188,44957.69922,57458644,44758.75063,44600.02323,60.89889421,104.2173549,1,0.9058734038,1.737708533,0
2024-12-05 14:00:00+00:00,45038.44141,45059.94141,44863.85156,44941.66016,50846263,44850.04431,44693.90691,70.9470093,109.4003906,0,0.8562774393,1.354874297,1
2024-12-05 16:00:00+00:00,44941.80859,44943.89063,44813.44922,44849.64844,87388405,44851.29146,44708.11915,57.6858066,108.3736049,0,0.7423880959,1.079579441,1
2024-12-12 16:00:00+00:00,44159.67969,44159.67969,44012.76172,44040.91016,64818126,44283.10448,44419.30507,19.53832428,109.4704241,0,0.02653342269,0.9038400653,1
2024-12-12 20:00:00+00:00,43955.28906,43979.37109,43903.26953,43916.5,40962992,44195.61708,44357.10463,23.05176476,105.1928013,-1,0.01130462064,1.079173154,1
2024-12-16 20:00:00+00:00,43812.94141,43814.48047,43686.85156,43722.30078,55457694,43915.74273,44105.85293,26.39924045,97.20172991,-1,0.0286600367,1.374255781,1
2024-12-17 16:00:00+00:00,43445.08984,43530.51953,43381.21875,43386.57031,100201961,43763.16565,43994.44012,11.7204886,100.0440848,-1,0.003972085229,1.024235846,1
2024-12-20 14:00:00+00:00,42296.26172,42954.46875,42146.32813,42954.17969,69174164,42936.62262,43335.57158,38.53597884,288.8847656,0,0.3697122355,1.508108838,1
2024-12-23 18:00:00+00:00,42811.19141,42840.30078,42757.35938,42828.78125,76348938,42866.52176,43141.4198,58.28386347,210.0535714,1,0.3576981428,0.9600031978,1
2024-12-26 18:00:00+00:00,43342.17188,43343.07031,43264.42969,43320.82031,43588363,43091.79723,43169.04595,92.06893255,111.2541853,0,0.6641881384,0.6549393346,1
2024-12-27 16:00:00+00:00,42993.96094,43027.28906,42761.55859,42866.64844,68474116,43044.20612,43129.82943,48.90168276,143.1774554,0,0.4318072718,1.012048515,1
2024-12-31 14:00:00+00:00,42636.69922,42779.69141,42533.82031,42542.23047,36073108,42788.85541,42941.5877,38.65091504,214.1623884,-1,0.2673696207,1.266014084,1
2025-01-03 20:00:00+00:00,42737.62891,42749.46875,42684.19141,42730.23047,47642563,42622.32064,42724.07574,58.68233013,169.6319754,-1,0.4631746962,1.309544394,1
2025-01-08 14:00:00+00:00,42542.10156,42542.16016,42327.78906,42509.73047,53365990,42638.08852,42702.00476,30.7138234,174.2435826,0,0.3561157952,1.237891334,1
2025-01-08 16:00:00+00:00,42510.48047,42599.44922,42351.44141,42548.10938,82766658,42607.62855,42681.00131,39.02153891,187.4654018,1,0.396922374,0.9537466949,1
2025-01-10 16:00:00+00:00,41965.67188,42173.96094,41877.30078,42139.55859,87448668,42429.27843,42567.4573,36.02793097,214.6130022,1,0.2118385763,0.8900391325,1
2025-01-14 14:00:00+00:00,42366.42188,42525.23047,42313.53906,42318.48828,65011416,42274.21552,42403.47428,66.05945726,163.733817,-1,0.3727888521,1.676414273,0
2025-01-14 16:00:00+00:00,42316.69922,42392.42969,42157.03125,42382.64063,71753100,42281.62556,42395.80148,60.99060053,165.5251116,1,0.4232858895,0.8715072393,1
2025-01-14 20:00:00+00:00,42397.58984,42526.80078,42362.35156,42522.55859,48715393,42328.88068,42405.39429,74.3599812,176.6501116,1,0.5334212719,1.191863979,1
2025-01-15 20:00:00+00:00,43284.67188,43295.41016,43204.17969,43213.92188,50790412,42756.78155,42623.25808,75.13127066,192.5756138,-1,0.925898431,1.298949419,0
2025-01-16 18:00:00+00:00,43172.62109,43206.55078,43081.75,43155.98828,100265098,42942.43326,42757.01841,76.34882711,154.9040179,-1,0.8867169853,1.217581504,0
2025-01-22 18:00:00+00:00,44169.67969,44208.33984,44118.85938,44164.12891,92275813,43832.92174,43462.53782,85.76722671,110.0066964,0,0.9812938915,1.074673113,0
2025-01-23 14:00:00+00:00,44113.55078,44411.48047,44113.55078,44393.23047,52605293,43940.39952,43564.35053,86.62323639,98.84319196,0,0.9925926278,1.227077382,1
2025-01-27 16:00:00+00:00,44352.78125,44577.48828,44343.46094,44493.82813,255852788,44344.57366,44027.12898,49.18876627,123.5237165,0,0.9440676505,1.777256062,1
2025-01-27 20:00:00+00:00,44607.82813,44727.85156,44586.30078,44715.78906,113324070,44427.8314,44110.27149,57.24112447,149.5585938,1,0.9926720803,1.709869861,1
2025-01-29 18:00:00+00:00,44812.92969,44851.75,44579.10156,44827.19141,135132728,44701.95816,44426.64718,59.52242856,153.5700335,1,0.9001712396,0.926107602,0
2025-02-04 14:00:00+00:00,44469.46094,44535.32813,44328.51953,44533.05859,68844841,44582.75204,44554.0056,34.89931267,194.8353795,1,0.5564533015,1.171311337,0
2025-02-06 14:00:00+00:00,44949.19141,44966.62891,44726.80078,44780.28125,57193906,44673.88057,44614.2358,66.75225123,113.9076451,0,0.7668017163,1.252545679,1
2025-02-07 14:00:00+00:00,44762.57031,44857.10938,44410.12891,44455.17969,73086793,44661.43544,44625.40004,41.37711389,127.7954799,0,0.4901903436,1.645520958,1
2025-02-07 16:00:00+00:00,44455.10938,44519.64844,44377.03906,44458.42188,97514162,44624.22951,44609.87391,34.7545263,133.1378348,1,0.4929489459,0.9045773231,1
2025-02-07 18:00:00+00:00,44458.98828,44484.94141,44279.78125,44293.71875,83466078,44569.01529,44583.4991,16.58151438,135.1702009,0,0.3528119464,0.9966108733,0
2025-02-11 16:00:00+00:00,44488.94922,44548.91016,44450.98828,44487.23047,93021364,44484.5022,44522.13145,51.75144034,121.0809152,-1,0.5592023504,0.8113859494,1
2025-02-11 18:00:00+00:00,44487.07813,44629.08984,44486.46094,44610.23047,76204273,44499.30706,44526.18322,70.27043254,114.5415737,0,0.6722984864,0.9756760708,0
2025-02-12 20:00:00+00:00,44323.87891,44376.48828,44300.73047,44362.07031,49959734,44423.20595,44474.96102,45.26523315,146.1453683,1,0.2987766753,1.268103273,1
2025-02-13 18:00:00+00:00,44490.82813,44768.26172,44445.16016,44758.76172,88203982,44494.33177,44499.43411,55.75033875,158.4324777,0,0.7588962892,1.162709843,0
2025-02-18 14:00:00+00:00,44583.91016,44602.01953,44382.21875,44455.03906,65584037,44530.52346,44522.72938,48.05146352,110.9483817,0,0.4657788066,1.648837594,1
2025-02-19 16:00:00+00:00,44431.35938,44474.32031,44312.64844,44399.21094,79385367,44473.43894,44492.98663,36.09161298,110.6417411,0,0.4434902721,1.030395998,1
2025-02-19 20:00:00+00:00,44558.96094,44636.19141,44558.21875,44619.78125,49609517,44500.49658,44504.24164,54.68066609,118.0030692,1,0.7753894081,1.19285763,0
2025-02-20 16:00:00+00:00,44050.42969,44086.60938,43950.16016,43967.67188,74653749,44359.89846,44430.5283,32.28006377,149.6838728,-1,0.02138468584,0.7752460926,1
2025-02-21 16:00:00+00:00,43802.14844,43848.55859,43492.71875,43493.14844,119806468,44109.1147,44276.65161,24.69982548,174.4553571,0,0.000336658087,1.748470072,1
2025-02-24 14:00:00+00:00,43493.12109,43649.28125,43343.67188,43579.08984,82125003,43866.64266,44111.65028,32.95107574,168.6032366,1,0.1651616758,1.815721618,1
2025-02-25 18:00:00+00:00,43509.78125,43767.73828,43473.64844,43707.16016,107754434,43645.55963,43881.54888,62.13764799,197.7837612,1,0.2854371586,1.09621014,0
2025-02-26 20:00:00+00:00,43416.14063,43529.5,43398.01172,43445.94141,64400346,43592.53853,43783.56572,49.187072,217.0265067,1,0.1204253771,1.186237778,1
2025-02-28 16:00:00+00:00,43360.67969,43512.78125,43100.87109,43221.98047,108360589,43500.47096,43662.64653,44.92682808,212.0825893,-1,0.07888215509,1.094851752,1
2025-03-04 16:00:00+00:00,42402.42188,42757.03125,42399.67188,42617.62891,163627255,43188.0023,43427.08179,39.55338164,322.7667411,0,0.1600675588,1.093546344,0
2025-03-05 16:00:00+00:00,42493.92969,42877.67188,42418.73047,42742.92969,111346700,42947.15402,43228.28139,38.06532697,351.40625,0,0.2343845569,0.8296795549,0
2025-03-06 18:00:00+00:00,42512.76172,42687.96094,42381.55859,42563.05078,146745090,42802.98372,43058.88474,40.74967138,322.3683036,1,0.1276967917,1.399195242,0
2025-03-07 14:00:00+00:00,42503.07031,42737.92969,42253.12891,42257.78906,111830832,42718.43018,42983.5978,44.14046985,302.6757813,-1,0.002617106178,1.918624148,1
2025-03-11 16:00:00+00:00,41387.60938,41588.14063,41175.37109,41541.67188,136772467,42027.50714,42438.17136,18.89021772,300.7837612,1,0.1281484326,0.9556994749,1
2025-03-11 18:00:00+00:00,41542.5,41799.64063,41414.48828,41426.94141,175383866,41938.70125,42358.20805,20.27120222,313.2134487,-1,0.08801057187,0.9645175375,1
2025-03-12 14:00:00+00:00,41303.32031,41430.87109,41010.23828,41392.60938,171596482,41780.66141,42223.49674,29.72675481,317.6291853,1,0.1362029262,0.9811741006,1
2025-03-17 18:00:00+00:00,41950.94141,42013.10156,41834.87109,41845.01172,117974497,41567.40445,41698.51158,82.62733538,191.3253348,-1,0.5289627678,1.171161859,0
2025-03-20 12:00:00+00:00,41795.26172,42200.03906,41695.60938,42169.62891,0,41753.25931,41736.61386,68.60134312,191.9734933,1,0.9802309312,0,1
2025-03-21 18:00:00+00:00,41852.98828,42009.33984,41825.39063,41986.51953,145277870,41837.68485,41799.00392,50.82786876,214.3607701,1,0.8339526043,1.766949844,1
2025-03-24 14:00:00+00:00,42508.25,42582.91016,42471.32031,42502.33984,113973185,42006.86772,41890.68581,64.1895658,208.9436384,-1,0.9580612104,0.9461852439,1
2025-03-25 18:00:00+00:00,42517.55859,42617.89844,42441.82813,42592.17188,86766548,42357.50589,42147.72368,74.30485668,146.296317,1,0.9202369978,1.065031254,0
2025-03-26 14:00:00+00:00,42731.30078,42796.96094,42497.60156,42574.39844,122440361,42426.00633,42209.91506,53.83256946,136.6325335,0,0.8240685705,1.415155135,1
2025-03-27 14:00:00+00:00,42478.35156,42523.83984,42301.48047,42377.71875,115278804,42424.85968,42268.50772,41.21867054,157.5597098,0,0.684222221,1.222996869,1
2025-04-01 14:00:00+00:00,41608.10156,42140.66016,41596.16016,42008.08984,115666796,41906.16254,41998.16659,59.35367314,240.4617746,0,0.5138085313,1.086659512,0
2025-04-02 16:00:00+00:00,42145.12891,42382.26953,41973.96094,41975.42969,102145959,41979.321,42005.21108,52.39141938,263.8309152,0,0.4942947765,0.985765243,0
2025-04-07 14:00:00+00:00,37577.91016,38304.94922,37199.01172,37661.53125,309658648,39464.48014,40458.05425,11.42760554,711.2943638,1,0.1794548695,1.183048134,1
2025-04-08 16:00:00+00:00,38765.42188,38800.44141,37950.57031,37961.32031,205031062,38791.12759,39728.90002,44.51875959,820.1967076,0,0.233869128,0.8422114917,0
2025-04-09 12:00:00+00:00,37387.91016,38003.16016,37275.69141,37719.28125,0,38519.64705,39470.14312,51.13015413,712.1113281,1,0.1919248331,0,1
2025-04-14 14:00:00+00:00,40627.19922,40778.28906,40159.01953,40290.78125,165672666,39756.52666,39673.15669,72.44213494,472.2053571,0,0.812425007,0.887334014,1
2025-04-14 18:00:00+00:00,40615.87891,40757.78906,40495.14063,40527.85938,121216608,40013.55932,39821.525,67.75120964,349.4140625,-1,0.9398020682,0.8579876615,1
2025-04-15 18:00:00+00:00,40397.05859,40499.58984,40346.94141,40373.64063,104823253,40236.57136,40000.82733,55.01078679,243.2260045,-1,0.9000958945,0.9182041656,1
2025-04-17 12:00:00+00:00,39745.57813,39745.57813,39040.14844,39046.39844,0,39985.436,39942.8236,21.64969986,275.4737723,-1,0.5268159254,0,1
2025-04-17 18:00:00+00:00,39369.28125,39429.60938,39098.71094,39150.44141,128018726,39658.99977,39774.40298,29.88730328,311.6612723,0,0.5550323427,0.9422919579,1
2025-04-28 14:00:00+00:00,40287.73828,40310.07031,39943.73828,39957.71094,100291228,39894.37038,39721.28019,49.47170183,197.6325335,0,0.8233151542,0.7719310591,0
2025-04-30 18:00:00+00:00,40378.21875,40777.16016,40270.08984,40607.82813,119602314,40280.40391,40072.91729,61.17747342,245.3816964,0,0.9398930668,1.877112929,0
2025-05-01 14:00:00+00:00,40991.10938,41099.51953,40784.08984,40841.71094,137151705,40449.77836,40186.53899,57.91258828,259.7753906,-1,0.888650064,1.435582187,0
2025-05-02 14:00:00+00:00,41255.05859,41386.19141,41072.80859,41341.89844,127481225,40745.92002,40420.20272,72.79466961,254.8267299,1,0.9780109606,1.345954508,1
2025-05-02 18:00:00+00:00,41328.32813,41375.23828,41243.16016,41310.30859,120965665,40929.29034,40570.50576,67.07403448,212.2368862,-1,0.9623283288,1.329501718,1
2025-05-06 14:00:00+00:00,41047.28125,41164.32813,40972.87891,40999.82031,83530426,41102.83541,40811.33981,31.86584719,156.3510045,-1,0.7376376151,0.951757383,0
2025-05-08 18:00:00+00:00,41597.05859,41681.94141,41356.51172,41373.71875,104188560,41288.33244,41065.97756,64.85873116,233.6841518,-1,0.8029680405,1.335066168,0
2025-05-09 18:00:00+00:00,41240.82813,41353.5,41220.32031,41240.17969,75374591,41272.26604,41117.88526,55.32717252,177.4793527,-1,0.6430389482,0.9657717112,0
2025-05-12 14:00:00+00:00,42181.19141,42317.17969,42096.37109,42172.26953,130622655,41498.31353,41253.4772,64.57811878,214.2834821,-1,0.8946084271,1.018186318,0
2025-05-12 16:00:00+00:00,42171.23828,42376.55859,42163.42188,42362.35156,94951127,41643.41323,41347.35738,71.28558608,216.8643973,0,0.991497529,0.8364040487,1
2025-05-13 12:00:00+00:00,42507.32813,42507.32813,42177.80078,42283.05078,197268107,41817.27202,41474.35957,80.12277977,208.4135045,-1,0.871688862,3.219819612,1
2025-05-16 14:00:00+00:00,42363.60156,42445.64063,42267.07031,42433.21094,135139403,42183.11376,41948.3964,70.1200647,137.1955915,1,0.9558310714,0.793562056,1
2025-05-19 18:00:00+00:00,42721.42188,42801.92188,42687.32031,42793.67188,90154343,42511.69915,42235.62273,75.93327275,132.9313616,1,0.9714025059,0.8947831082,0
2025-05-20 16:00:00+00:00,42648.5,42711.14844,42524.98047,42534.07031,75734005,42565.2876,42321.25461,47.12734154,135.6049107,-1,0.8126470379,0.8850434356,1
2025-05-21 18:00:00+00:00,41973.57813,42030.96094,41785.21875,41856.73828,130604571,42314.02448,42268.69616,23.03576046,188.5518973,0,0.07401642444,1.282989896,1
2025-05-22 18:00:00+00:00,42042.25,42090.42188,41830.23047,41849.07031,102281180,42128.605,42175.77609,27.159024,211.5864955,-1,0.1194036055,1.149123019,1
2025-05-27 18:00:00+00:00,42310.89844,42350.66016,42283.46094,42346.42188,106415152,42068.83776,42089.04214,67.88119835,172.0033482,1,0.6669125658,1.419424229,0
2025-05-29 18:00:00+00:00,42075.03906,42266,42074.98828,42219.91016,119496629,42134.2333,42124.62175,42.00119536,135.6082589,0,0.5980115744,1.309309319,1
2025-06-04 14:00:00+00:00,42592.51172,42615.76172,42487.67188,42491.66016,91334119,42378.7295,42278.48456,82.25958207,105.3719308,0,0.8640232222,0.8756476048,1
2025-06-04 16:00:00+00:00,42491.42188,42602.92969,42489.58984,42566.67969,62125550,42410.95962,42303.33256,79.44862155,96.08705357,0,0.9280164862,0.670947031,1
2025-06-04 18:00:00+00:00,42566.69922,42572.55078,42432.42969,42432.42969,85683283,42421.47012,42318.03914,59.16210887,96.98883929,0,0.8046284861,1.056948816,1
2025-06-05 14:00:00+00:00,42385.12891,42601.44922,42277.25,42557.78125,132153300,42442.148,42341.4715,55.12166439,113.8102679,0,0.8931991467,1.222465945,1
2025-06-05 16:00:00+00:00,42557.82813,42562.12891,42314.01953,42442.98047,95549923,42447.61305,42353.02812,43.15060142,131.7580915,0,0.7526236236,0.909808726,1
2025-06-06 16:00:00+00:00,42724.25,42772.5,42582.55078,42738.94922,62368451,42533.63113,42423.52041,55.68735476,205.6157924,0,0.8387984729,0.6279227224,1
2025-06-09 18:00:00+00:00,42875.48047,42883.44922,42750.91016,42754.57031,94106767,42675.10554,42541.54072,66.59590379,144.2324219,0,0.8496890703,1.214387562,1
2025-06-11 16:00:00+00:00,42991.12109,43115.69141,42738.62109,42824.53906,80766129,42839.33922,42694.43987,47.63228528,132.9740513,0,0.7235758789,1.153276503,0
2025-06-13 18:00:00+00:00,42163.75,42203.26172,42081.08984,42203.26172,120732372,42589.39746,42635.42502,28.63308354,181.6607143,1,0.1180859177,1.364843374,1
2025-06-16 16:00:00+00:00,42567.60156,42616.92188,42508.39844,42525.21094,66838169,42586.48131,42625.03436,40.75405071,198.0404576,-1,0.4292677586,0.6943866909,1
2025-06-20 18:00:00+00:00,42199.96875,42256.89844,42116.87891,42210.12891,131446835,42287.96461,42397.46477,49.95705034,162.3387277,0,0.1247234367,1.727922442,0
2025-06-24 16:00:00+00:00,43059.28906,43112.28125,43026.80859,43080.76953,79583723,42603.80224,42524.77869,79.4490679,168.9857701,1,0.9721416435,0.7224414102,1
2025-06-25 18:00:00+00:00,42900.42969,43009.07031,42886.35156,42996.87891,113576961,42832.05782,42686.27929,72.23555389,110.5092076,0,0.8448013151,1.217914151,1
2025-06-26 18:00:00+00:00,43368.23047,43430.98828,43324.28125,43398.76172,121677168,43074.33964,42860.08031,70.82415516,97.03543527,1,0.9777724492,1.289250423,1
2025-06-30 14:00:00+00:00,43975.07031,44057.44141,43890.21094,43961.80078,108994013,43551.51946,43218.21663,73.19580091,141.0733817,-1,0.9539370086,0.749971983,0
2025-06-30 16:00:00+00:00,43961.96094,44017.07031,43889.16016,43945.62109,75412918,43624.29808,43283.68915,70.2127776,145.1199777,-1,0.9461444539,0.5854872664,0
2025-06-30 18:00:00+00:00,43945.39844,44138.69141,43916.30078,44088.58984,148523459,43701.62641,43351.97522,72.66480484,154.4561942,0,0.9767785014,1.27897041,1
2025-07-01 18:00:00+00:00,44519.96094,44591.35938,44485.37891,44493.30859,112863311,44092.9368,43665.35773,82.34390138,143.2352121,0,0.9577432277,1.07929734,0
2025-07-02 14:00:00+00:00,44429.01953,44557.82031,44399.39063,44460.33984,132500355,44185.84528,43767.44505,74.50745443,138.8786272,0,0.9451741649,0.8416158845,1
2025-07-02 18:00:00+00:00,44469.37891,44492.83984,44456.28906,44483.5,104360516,44276.17579,43884.32806,74.25633299,119.2698103,1,0.9426956744,1.023470398,1
2025-07-08 14:00:00+00:00,44277.35156,44379.46094,44221.48828,44374.87891,101747855,44370.49098,44131.03308,46.95601704,160.3384487,1,0.7478055242,0.6494662695,1
2025-07-10 16:00:00+00:00,44694.64844,44775.46875,44673.92188,44758.51953,74446615,44484.24871,44309.49401,80.33833755,119.656808,0,0.8801689499,0.8220148406,0
2025-07-10 18:00:00+00:00,44758.55078,44762.03906,44617.39844,44647.57031,90823313,44516.4939,44340.88161,73.06545713,124.7220982,0,0.7678401936,1.112327912,1
2025-07-11 16:00:00+00:00,44325.85938,44398.42969,44294.39844,44343.05859,71088537,44455.67944,44344.16633,48.04929168,120.0873326,0,0.3816799765,0.8124922274,0
2025-07-14 14:00:00+00:00,44311.39063,44427.19141,44298.21094,44363.10156,93078745,44421.80608,44348.73601,30.27993721,116.8233817,0,0.2829932566,0.7328769709,0
2025-07-14 16:00:00+00:00,44362.71875,44448.92188,44334.53125,44438.32813,57800336,44423.64565,44355.99457,31.22500492,117.5357143,0,0.3879763845,0.5591785298,1
2025-07-14 18:00:00+00:00,44438.42188,44472.12891,44406.53125,44451.10938,82432348,44426.22458,44363.13723,37.4371784,111.7996652,0,0.4058133767,1.03362995,1
2025-07-15 12:00:00+00:00,44459.83984,44504.26953,44251.48828,44255.26953,154804453,44410.68321,44358.34311,39.17671292,103.265346,-1,0.132507264,3.113112988,1
2025-07-15 16:00:00+00:00,44141.21875,44171.37109,44068.48828,44142.44141,70749271,44330.06146,44325.00335,36.08289886,104.8166853,1,0.09148191816,0.7260128562,1
2025-07-18 12:00:00+00:00,44571.67969,44571.67969,44304.89844,44314.76953,134015154,44322.1851,44303.55529,65.22613533,153.3459821,-1,0.5467737039,2.429831575,0
2025-07-18 14:00:00+00:00,44314.94922,44365.55078,44230,44239.80078,103814568,44315.02833,44301.68392,62.82696717,121.5756138,-1,0.4730210091,0.7284925614,0
2025-07-21 16:00:00+00:00,44553.82031,44601.85156,44545.42188,44548.23047,65593920,44401.58677,44351.61376,51.66528054,92.69503348,-1,0.7764477118,0.6038980469,1
2025-07-22 18:00:00+00:00,44413.03125,44542.53125,44409.71875,44498.83984,88637993,44412.35218,44372.6411,59.38701799,101.8454241,0,0.8777847295,1.11666397,1
2025-07-24 14:00:00+00:00,44830.44922,44912.26953,44752.19922,44771.01172,100838038,44691.48489,44552.67666,69.89916888,126.0379464,-1,0.8053340794,0.9538841619,1
2025-07-24 18:00:00+00:00,44825.39063,44834.89063,44689.28906,44699.62891,90874772,44717.05946,44589.59174,60.08792244,123.6450893,0,0.748530486,1.369930318,1
2025-07-29 16:00:00+00:00,44658.62109,44743.01953,44584.21875,44608.69922,66111420,44760.14502,44704.09608,29.85170437,97.82617188,-1,0.4739704308,0.9006793195,1
2025-07-30 14:00:00+00:00,44702.37109,44729.01953,44552.42969,44684.94922,88251632,44716.09854,44691.69934,37.05712098,112.2081473,0,0.5549474813,0.9142033998,1
2025-07-31 16:00:00+00:00,44484.71875,44521.46094,44159.94922,44328.80078,113753554,44554.42562,44609.39874,40.43276472,179.7784598,0,0.1973276362,1.129893428,1
2025-08-01 16:00:00+00:00,43685.10156,43688.14844,43420.19141,43554.96094,129773740,44135.26733,44365.53136,26.58435799,268.5502232,0,0.127932088,1.090272134,0
2025-08-04 16:00:00+00:00,44042.39063,44168,44039.5,44083.10156,77970554,44050.878,44250.77089,43.82074573,222.5546875,0,0.4621935591,0.6890813861,1
2025-08-04 18:00:00+00:00,44082.87109,44188.35938,44078.37891,44177.35938,115397834,44070.01617,44242.94482,50.97439493,207.1149554,0,0.5208736105,1.113996542,1
2025-08-05 12:00:00+00:00,44200.07031,44308.5,44018.32031,44063.05859,0,44069.38366,44234.94988,66.12330182,170.7156808,-1,0.4497158407,0,0
2025-08-06 14:00:00+00:00,44051.91016,44269.08984,44030.23828,44230.03906,132315109,44117.95598,44206.30204,58.88333908,139.2871094,0,0.5542070134,1.263507405,1
2025-08-08 18:00:00+00:00,44207.60156,44235.94922,44110.01172,44182.91016,97557673,44108.14937,44144.10248,49.6404984,153.8468192,-1,0.6355781816,1.15969339,0
2025-08-11 14:00:00+00:00,44092.46875,44180.73047,44004.57031,44152.69922,95168612,44104.38189,44137.44961,59.61707246,135.8105469,1,0.6876968374,1.049266765,1
2025-08-11 16:00:00+00:00,44152.92969,44154.73828,43971.51953,43988.01172,63930578,44086.2383,44125.51635,55.89817152,132.608817,0,0.5623453878,0.8132785951,0
2025-08-12 18:00:00+00:00,44450.92969,44470.30078,44411.62109,44456.14063,83090526,44245.57593,44199.89452,63.08344961,128.780692,1,0.9570656902,1.065655791,1
2025-08-14 16:00:00+00:00,44716.23828,44840.85156,44698.28906,44826.98828,69264384,44629.0632,44455.8124,71.57456217,125.0426897,0,0.893790339,0.623217094,1
2025-08-15 18:00:00+00:00,45053.35156,45055.35156,44932.23828,44950.35938,107464189,44831.71417,44631.16316,51.63257335,114.6489955,0,0.8197276262,1.063722982,1
2025-08-20 12:00:00+00:00,44922.69922,45033.75,44780.44922,44785.85156,0,44890.91495,44772.01846,44.26350648,119.0906808,-1,0.6747589641,0,0
2025-08-20 14:00:00+00:00,44784.76172,44971.82813,44767.96875,44927.76172,126009922,44899.83374,44786.85164,49.09204738,131.6886161,0,0.7842506111,1.298305958,1
2025-08-20 18:00:00+00:00,44841.60156,45014.41016,44837.71094,44923.75,94064257,44902.16108,44806.57031,50.51893153,147.8674665,0,0.781155345,1.270231086,1